date,visitor,home,Start (ET),Arena,overtime,home_points,away_points,game_length,neutral_site
10/22/2024,New York Knicks,Boston Celtics,7:30p,TD Garden,,132,109,2:04,
10/22/2024,Minnesota Timberwolves,Los Angeles Lakers,10:00p,Crypto.com Arena,,110,103,2:26,
10/23/2024,Indiana Pacers,Detroit Pistons,7:00p,Little Caesars Arena,,109,115,2:23,
10/23/2024,Brooklyn Nets,Atlanta Hawks,7:30p,State Farm Arena,,120,116,2:33,
10/23/2024,Orlando Magic,Miami Heat,7:30p,Kaseya Center,,97,116,2:31,
10/23/2024,Milwaukee Bucks,Philadelphia 76ers,7:30p,Wells Fargo Center,,109,124,2:28,
10/23/2024,Cleveland Cavaliers,Toronto Raptors,7:30p,Scotiabank Arena,,106,136,2:18,
10/23/2024,Charlotte Hornets,Houston Rockets,8:00p,Toyota Center,,105,110,2:20,
10/23/2024,Chicago Bulls,New Orleans Pelicans,8:00p,Smoothie King Center,,123,111,2:11,
10/23/2024,Memphis Grizzlies,Utah Jazz,9:00p,Delta Center,,124,126,2:33,
10/23/2024,Phoenix Suns,Los Angeles Clippers,10:00p,Intuit Dome,OT,113,116,2:45,
10/23/2024,Golden State Warriors,Portland Trail Blazers,10:00p,Moda Center,,104,140,2:17,
10/24/2024,Boston Celtics,Washington Wizards,7:00p,Capital One Arena,,102,122,2:11,
10/24/2024,San Antonio Spurs,Dallas Mavericks,7:30p,American Airlines Center,,120,109,2:18,
10/24/2024,Minnesota Timberwolves,Sacramento Kings,10:00p,Golden 1 Center,,115,117,2:22,
10/24/2024,Oklahoma City Thunder,Denver Nuggets,10:00p,Ball Arena,,87,102,2:10,
10/25/2024,Brooklyn Nets,Orlando Magic,7:00p,Kia Center,,116,101,2:31,
10/25/2024,Philadelphia 76ers,Toronto Raptors,7:00p,Scotiabank Arena,,115,107,2:47,
10/25/2024,Charlotte Hornets,Atlanta Hawks,7:30p,State Farm Arena,,125,120,2:32,
10/25/2024,Detroit Pistons,Cleveland Cavaliers,7:30p,Rocket Arena,,113,101,2:10,
10/25/2024,Indiana Pacers,New York Knicks,7:30p,Madison Square Garden (IV),,123,98,2:21,
10/25/2024,Memphis Grizzlies,Houston Rockets,8:00p,Toyota Center,,128,108,2:31,
10/25/2024,Chicago Bulls,Milwaukee Bucks,8:00p,Fiserv Forum,,122,133,2:13,
10/25/2024,Golden State Warriors,Utah Jazz,9:30p,Delta Center,,86,127,2:07,
10/25/2024,Phoenix Suns,Los Angeles Lakers,10:00p,Crypto.com Arena,,123,116,2:17,
10/25/2024,New Orleans Pelicans,Portland Trail Blazers,10:00p,Moda Center,,103,105,2:23,
10/26/2024,Los Angeles Clippers,Denver Nuggets,5:00p,Ball Arena,,104,109,2:23,
10/26/2024,Cleveland Cavaliers,Washington Wizards,7:00p,Capital One Arena,,116,135,2:23,
10/26/2024,Boston Celtics,Detroit Pistons,7:00p,Little Caesars Arena,,118,124,2:18,
10/26/2024,Miami Heat,Charlotte Hornets,7:00p,Spectrum Center,,106,114,2:23,
10/26/2024,Orlando Magic,Memphis Grizzlies,8:00p,FedEx Forum,,124,111,2:16,
10/26/2024,Toronto Raptors,Minnesota Timberwolves,8:00p,Target Center,,112,101,2:12,
10/26/2024,Oklahoma City Thunder,Chicago Bulls,8:00p,United Center,,95,114,2:09,
10/26/2024,Houston Rockets,San Antonio Spurs,8:30p,Frost Bank Center,,109,106,2:26,
10/26/2024,Dallas Mavericks,Phoenix Suns,10:00p,Footprint Center,,114,102,2:22,
10/26/2024,Sacramento Kings,Los Angeles Lakers,10:30p,Crypto.com Arena,,131,127,2:18,
10/27/2024,Philadelphia 76ers,Indiana Pacers,3:30p,Gainbridge Fieldhouse,OT,114,118,2:52,
10/27/2024,New Orleans Pelicans,Portland Trail Blazers,6:00p,Moda Center,,125,103,2:09,
10/27/2024,Milwaukee Bucks,Brooklyn Nets,6:00p,Barclays Center,,115,102,2:19,
10/27/2024,Atlanta Hawks,Oklahoma City Thunder,7:00p,Paycom Center,,128,104,2:23,
10/27/2024,Los Angeles Clippers,Golden State Warriors,8:30p,Chase Center,,104,112,2:22,
10/28/2024,Indiana Pacers,Orlando Magic,7:00p,Kia Center,,119,115,2:31,
10/28/2024,Washington Wizards,Atlanta Hawks,7:30p,State Farm Arena,,119,121,2:26,
10/28/2024,Milwaukee Bucks,Boston Celtics,7:30p,TD Garden,,119,108,2:18,
10/28/2024,Denver Nuggets,Toronto Raptors,7:30p,Scotiabank Arena,OT,125,127,2:35,
10/28/2024,Detroit Pistons,Miami Heat,7:30p,Kaseya Center,,106,98,2:18,
10/28/2024,Cleveland Cavaliers,New York Knicks,7:30p,Madison Square Garden (IV),,104,110,2:23,
10/28/2024,Houston Rockets,San Antonio Spurs,8:00p,Frost Bank Center,,101,106,2:23,
10/28/2024,Chicago Bulls,Memphis Grizzlies,8:00p,FedEx Forum,,123,126,2:09,
10/28/2024,Utah Jazz,Dallas Mavericks,8:30p,American Airlines Center,,110,102,2:16,
10/28/2024,Portland Trail Blazers,Sacramento Kings,10:00p,Golden 1 Center,,111,98,2:26,
10/28/2024,Los Angeles Lakers,Phoenix Suns,10:00p,Footprint Center,,109,105,2:17,
10/29/2024,Denver Nuggets,Brooklyn Nets,7:30p,Barclays Center,OT,139,144,2:46,
10/29/2024,Dallas Mavericks,Minnesota Timberwolves,7:30p,Target Center,,114,120,2:24,
10/29/2024,Sacramento Kings,Utah Jazz,9:00p,Delta Center,,96,113,1:59,
10/29/2024,New Orleans Pelicans,Golden State Warriors,10:00p,Chase Center,,124,106,2:20,
10/30/2024,Detroit Pistons,Philadelphia 76ers,7:00p,Wells Fargo Center,,95,105,2:15,
10/30/2024,Atlanta Hawks,Washington Wizards,7:00p,Capital One Arena,,133,120,2:25,
10/30/2024,Boston Celtics,Indiana Pacers,7:00p,Gainbridge Fieldhouse,OT,135,132,2:37,
10/30/2024,Los Angeles Lakers,Cleveland Cavaliers,7:00p,Rocket Arena,,134,110,2:07,
10/30/2024,Toronto Raptors,Charlotte Hornets,7:00p,Spectrum Center,,138,133,2:18,
10/30/2024,New York Knicks,Miami Heat,7:30p,Kaseya Center,,107,116,2:10,
10/30/2024,Orlando Magic,Chicago Bulls,8:00p,United Center,,102,99,2:19,
10/30/2024,Brooklyn Nets,Memphis Grizzlies,8:00p,FedEx Forum,,106,119,2:26,
10/30/2024,San Antonio Spurs,Oklahoma City Thunder,9:30p,Paycom Center,,105,93,2:01,
10/30/2024,New Orleans Pelicans,Golden State Warriors,10:00p,Chase Center,,104,89,2:19,
10/30/2024,Portland Trail Blazers,Los Angeles Clippers,10:30p,Intuit Dome,,105,106,2:11,
10/31/2024,Milwaukee Bucks,Memphis Grizzlies,8:00p,FedEx Forum,,122,99,2:12,
10/31/2024,Houston Rockets,Dallas Mavericks,8:30p,American Airlines Center,,102,108,2:21,
10/31/2024,San Antonio Spurs,Utah Jazz,9:00p,Delta Center,,88,106,2:10,
10/31/2024,Phoenix Suns,Los Angeles Clippers,10:30p,Intuit Dome,,119,125,2:15,
11/1/2024,Boston Celtics,Charlotte Hornets,7:00p,Spectrum Center,,109,124,2:17,
11/1/2024,Orlando Magic,Cleveland Cavaliers,7:00p,Rocket Arena,,120,109,2:20,
11/1/2024,New York Knicks,Detroit Pistons,7:00p,Little Caesars Arena,,98,128,1:55,
11/1/2024,Sacramento Kings,Atlanta Hawks,7:30p,State Farm Arena,,115,123,2:16,
11/1/2024,Chicago Bulls,Brooklyn Nets,7:30p,Barclays Center,,120,112,2:07,
11/1/2024,Los Angeles Lakers,Toronto Raptors,7:30p,Scotiabank Arena,,125,131,2:25,
11/1/2024,Indiana Pacers,New Orleans Pelicans,8:00p,Smoothie King Center,,125,118,2:10,
11/1/2024,Denver Nuggets,Minnesota Timberwolves,9:30p,Target Center,,119,116,2:25,
11/1/2024,Oklahoma City Thunder,Portland Trail Blazers,10:00p,Moda Center,,114,137,2:11,
11/2/2024,Boston Celtics,Charlotte Hornets,6:00p,Spectrum Center,,103,113,2:09,
11/2/2024,Memphis Grizzlies,Philadelphia 76ers,7:30p,Wells Fargo Center,,107,124,2:12,
11/2/2024,Sacramento Kings,Toronto Raptors,7:30p,Scotiabank Arena,OT,131,128,2:58,
11/2/2024,Golden State Warriors,Houston Rockets,8:00p,Toyota Center,OT,121,127,2:43,
11/2/2024,Cleveland Cavaliers,Milwaukee Bucks,8:00p,Fiserv Forum,,113,114,2:15,
11/2/2024,Minnesota Timberwolves,San Antonio Spurs,8:00p,Frost Bank Center,,113,103,2:12,
11/2/2024,Miami Heat,Washington Wizards,9:30p,Mexico City Arena,,98,118,2:16,
11/2/2024,Utah Jazz,Denver Nuggets,10:00p,Ball Arena,,129,103,2:28,
11/2/2024,Portland Trail Blazers,Phoenix Suns,10:00p,Footprint Center,,103,97,2:08,
11/2/2024,Oklahoma City Thunder,Los Angeles Clippers,10:30p,Intuit Dome,,92,105,2:11,
11/3/2024,Detroit Pistons,Brooklyn Nets,3:30p,Barclays Center,,92,106,2:22,
11/3/2024,Atlanta Hawks,New Orleans Pelicans,7:00p,Smoothie King Center,,111,126,2:07,
11/3/2024,Orlando Magic,Dallas Mavericks,7:30p,American Airlines Center,,108,85,2:19,
11/4/2024,Milwaukee Bucks,Cleveland Cavaliers,7:00p,Rocket Arena,,116,114,2:02,
11/4/2024,Golden State Warriors,Washington Wizards,7:15p,Capital One Arena,,112,125,2:20,
11/4/2024,Los Angeles Lakers,Detroit Pistons,7:30p,Little Caesars Arena,,115,103,2:15,
11/4/2024,Boston Celtics,Atlanta Hawks,7:45p,State Farm Arena,,93,123,1:56,
11/4/2024,Memphis Grizzlies,Brooklyn Nets,8:00p,Barclays Center,,106,104,2:14,
11/4/2024,Sacramento Kings,Miami Heat,8:15p,Kaseya Center,,110,111,2:20,
11/4/2024,Utah Jazz,Chicago Bulls,8:30p,United Center,,126,135,2:22,
11/4/2024,New York Knicks,Houston Rockets,8:45p,Toyota Center,,109,97,2:08,
11/4/2024,Charlotte Hornets,Minnesota Timberwolves,9:00p,Target Center,,114,93,2:15,
11/4/2024,Orlando Magic,Oklahoma City Thunder,9:15p,Paycom Center,,102,86,2:15,
11/4/2024,Portland Trail Blazers,New Orleans Pelicans,9:30p,Smoothie King Center,,100,118,2:07,
11/4/2024,Indiana Pacers,Dallas Mavericks,9:45p,American Airlines Center,,127,134,2:12,
11/4/2024,Toronto Raptors,Denver Nuggets,10:00p,Ball Arena,,121,119,2:19,
11/4/2024,Philadelphia 76ers,Phoenix Suns,10:15p,Footprint Center,,118,116,2:18,
11/4/2024,San Antonio Spurs,Los Angeles Clippers,10:30p,Intuit Dome,,113,104,2:05,
11/6/2024,Detroit Pistons,Charlotte Hornets,7:00p,Spectrum Center,,108,107,2:11,
11/6/2024,Orlando Magic,Indiana Pacers,7:00p,Gainbridge Fieldhouse,,118,111,2:20,
11/6/2024,New York Knicks,Atlanta Hawks,7:30p,State Farm Arena,,121,116,2:16,
11/6/2024,Golden State Warriors,Boston Celtics,7:30p,TD Garden,,112,118,2:21,
11/6/2024,San Antonio Spurs,Houston Rockets,8:00p,Toyota Center,,127,100,1:59,
11/6/2024,Los Angeles Lakers,Memphis Grizzlies,8:00p,FedEx Forum,,131,114,2:11,
11/6/2024,Cleveland Cavaliers,New Orleans Pelicans,8:00p,Smoothie King Center,,122,131,2:11,
11/6/2024,Chicago Bulls,Dallas Mavericks,8:30p,American Airlines Center,,119,99,2:09,
11/6/2024,Oklahoma City Thunder,Denver Nuggets,9:00p,Ball Arena,,124,122,2:19,
11/6/2024,Miami Heat,Phoenix Suns,9:00p,Footprint Center,,115,112,2:20,
11/6/2024,Philadelphia 76ers,Los Angeles Clippers,10:00p,Intuit Dome,,110,98,2:21,
11/6/2024,Toronto Raptors,Sacramento Kings,10:00p,Golden 1 Center,,122,107,2:11,
11/7/2024,Minnesota Timberwolves,Chicago Bulls,8:00p,United Center,,119,135,2:03,
11/7/2024,Utah Jazz,Milwaukee Bucks,8:00p,Fiserv Forum,,123,100,2:14,
11/7/2024,Portland Trail Blazers,San Antonio Spurs,8:00p,Frost Bank Center,,118,105,2:09,
11/8/2024,Indiana Pacers,Charlotte Hornets,7:00p,Spectrum Center,,103,83,2:13,
11/8/2024,Atlanta Hawks,Detroit Pistons,7:00p,Little Caesars Arena,,122,121,2:19,
11/8/2024,New Orleans Pelicans,Orlando Magic,7:00p,Kia Center,,115,88,2:07,
11/8/2024,Brooklyn Nets,Boston Celtics,7:30p,TD Garden,OT,108,104,2:26,
11/8/2024,Golden State Warriors,Cleveland Cavaliers,7:30p,Rocket Arena,,136,117,2:10,
11/8/2024,Phoenix Suns,Dallas Mavericks,7:30p,American Airlines Center,,113,114,2:21,
11/8/2024,Milwaukee Bucks,New York Knicks,7:30p,Madison Square Garden (IV),,116,94,2:07,
11/8/2024,Washington Wizards,Memphis Grizzlies,8:00p,FedEx Forum,,128,104,2:23,
11/8/2024,Houston Rockets,Oklahoma City Thunder,8:00p,Paycom Center,,126,107,2:14,
11/8/2024,Miami Heat,Denver Nuggets,9:00p,Ball Arena,,135,122,2:11,
11/8/2024,Portland Trail Blazers,Minnesota Timberwolves,9:00p,Target Center,,127,102,2:08,
11/8/2024,Philadelphia 76ers,Los Angeles Lakers,10:00p,Crypto.com Arena,,116,106,2:15,
11/8/2024,Los Angeles Clippers,Sacramento Kings,10:00p,Golden 1 Center,,98,107,2:26,
11/9/2024,Utah Jazz,San Antonio Spurs,5:00p,Frost Bank Center,,110,111,2:22,
11/9/2024,Chicago Bulls,Atlanta Hawks,7:30p,State Farm Arena,,113,125,2:17,
11/9/2024,Brooklyn Nets,Cleveland Cavaliers,7:30p,Rocket Arena,,105,100,2:17,
11/9/2024,Toronto Raptors,Los Angeles Clippers,10:30p,Intuit Dome,,105,103,2:23,
11/10/2024,Houston Rockets,Detroit Pistons,3:00p,Little Caesars Arena,,99,101,2:21,
11/10/2024,Boston Celtics,Milwaukee Bucks,3:30p,Fiserv Forum,,107,113,2:16,
11/10/2024,New York Knicks,Indiana Pacers,5:00p,Gainbridge Fieldhouse,,132,121,2:22,
11/10/2024,Washington Wizards,Orlando Magic,6:00p,Kia Center,,121,94,2:20,
11/10/2024,Miami Heat,Minnesota Timberwolves,7:00p,Target Center,,94,95,2:28,
11/10/2024,Golden State Warriors,Oklahoma City Thunder,7:00p,Paycom Center,,116,127,2:20,
11/10/2024,Charlotte Hornets,Philadelphia 76ers,7:00p,Wells Fargo Center,OT,107,105,2:47,
11/10/2024,Dallas Mavericks,Denver Nuggets,8:00p,Ball Arena,,122,120,2:11,
11/10/2024,Sacramento Kings,Phoenix Suns,8:00p,Footprint Center,OT,118,127,2:31,
11/10/2024,Memphis Grizzlies,Portland Trail Blazers,9:00p,Moda Center,,89,134,2:05,
11/10/2024,Toronto Raptors,Los Angeles Lakers,9:30p,Crypto.com Arena,,123,103,2:25,
11/11/2024,Cleveland Cavaliers,Chicago Bulls,8:00p,United Center,,113,119,2:06,
11/11/2024,Washington Wizards,Houston Rockets,8:00p,Toyota Center,,107,92,2:16,
11/11/2024,Brooklyn Nets,New Orleans Pelicans,8:00p,Smoothie King Center,,105,107,2:18,
11/11/2024,Los Angeles Clippers,Oklahoma City Thunder,8:00p,Paycom Center,,134,128,2:25,
11/11/2024,Sacramento Kings,San Antonio Spurs,8:00p,Frost Bank Center,,116,96,2:03,
11/12/2024,Atlanta Hawks,Boston Celtics,7:00p,TD Garden,,116,117,2:13,
11/12/2024,Miami Heat,Detroit Pistons,7:00p,Little Caesars Arena,OT,123,121,2:36,
11/12/2024,Charlotte Hornets,Orlando Magic,7:00p,Kia Center,,114,89,2:12,
11/12/2024,New York Knicks,Philadelphia 76ers,7:30p,Wells Fargo Center,,99,111,2:24,
11/12/2024,Toronto Raptors,Milwaukee Bucks,8:00p,Fiserv Forum,,99,85,2:14,
11/12/2024,Phoenix Suns,Utah Jazz,9:00p,Delta Center,,112,120,2:05,
11/12/2024,Dallas Mavericks,Golden State Warriors,10:00p,Chase Center,,120,117,2:25,
11/12/2024,Minnesota Timberwolves,Portland Trail Blazers,10:00p,Moda Center,,122,108,2:14,
11/13/2024,Indiana Pacers,Orlando Magic,7:00p,Kia Center,,94,90,2:10,
11/13/2024,Boston Celtics,Brooklyn Nets,7:30p,Barclays Center,,114,139,2:10,
11/13/2024,Chicago Bulls,New York Knicks,7:30p,Madison Square Garden (IV),,123,124,2:16,
11/13/2024,New Orleans Pelicans,Oklahoma City Thunder,7:30p,Paycom Center,,106,88,2:12,
11/13/2024,Cleveland Cavaliers,Philadelphia 76ers,7:30p,Wells Fargo Center,,106,114,1:59,
11/13/2024,Los Angeles Clippers,Houston Rockets,8:00p,Toyota Center,,111,103,2:06,
11/13/2024,Detroit Pistons,Milwaukee Bucks,8:00p,Fiserv Forum,OT,127,120,2:43,
11/13/2024,Washington Wizards,San Antonio Spurs,8:00p,Frost Bank Center,,139,130,2:22,
11/13/2024,Memphis Grizzlies,Los Angeles Lakers,10:00p,Crypto.com Arena,,128,123,2:31,
11/13/2024,Minnesota Timberwolves,Portland Trail Blazers,10:00p,Moda Center,,106,98,2:13,
11/13/2024,Phoenix Suns,Sacramento Kings,10:00p,Golden 1 Center,,127,104,2:02,
11/14/2024,Dallas Mavericks,Utah Jazz,9:00p,Delta Center,,115,113,2:10,
11/15/2024,Miami Heat,Indiana Pacers,7:00p,Gainbridge Fieldhouse,,111,124,2:10,
11/15/2024,Philadelphia 76ers,Orlando Magic,7:00p,Kia Center,,98,86,2:25,
11/15/2024,Detroit Pistons,Toronto Raptors,7:00p,Scotiabank Arena,,95,99,2:20,
11/15/2024,Washington Wizards,Atlanta Hawks,7:30p,State Farm Arena,,129,117,2:15,
11/15/2024,Chicago Bulls,Cleveland Cavaliers,7:30p,Rocket Arena,,144,126,2:11,
11/15/2024,Brooklyn Nets,New York Knicks,7:30p,Madison Square Garden (IV),,124,122,2:43,
11/15/2024,Los Angeles Lakers,San Antonio Spurs,7:30p,Frost Bank Center,,115,120,2:18,
11/15/2024,Los Angeles Clippers,Houston Rockets,8:00p,Toyota Center,,125,104,2:13,
11/15/2024,Denver Nuggets,New Orleans Pelicans,8:00p,Smoothie King Center,,101,94,2:04,
11/15/2024,Phoenix Suns,Oklahoma City Thunder,8:00p,Paycom Center,,99,83,2:17,
11/15/2024,Memphis Grizzlies,Golden State Warriors,10:00p,Chase Center,,123,118,2:35,
11/15/2024,Minnesota Timberwolves,Sacramento Kings,10:00p,Golden 1 Center,OT,126,130,2:25,
11/16/2024,Milwaukee Bucks,Charlotte Hornets,3:00p,Spectrum Center,,115,114,2:15,
11/16/2024,Toronto Raptors,Boston Celtics,8:00p,TD Garden,OT,126,123,2:27,
11/16/2024,Los Angeles Lakers,New Orleans Pelicans,8:00p,Smoothie King Center,,99,104,2:12,
11/16/2024,San Antonio Spurs,Dallas Mavericks,8:30p,American Airlines Center,,110,93,2:10,
11/16/2024,Utah Jazz,Sacramento Kings,10:00p,Golden 1 Center,,121,117,2:35,
11/17/2024,Phoenix Suns,Minnesota Timberwolves,3:30p,Target Center,,120,117,2:16,
11/17/2024,Miami Heat,Indiana Pacers,5:00p,Gainbridge Fieldhouse,,119,110,2:15,
11/17/2024,Charlotte Hornets,Cleveland Cavaliers,6:00p,Rocket Arena,,128,114,2:16,
11/17/2024,Denver Nuggets,Memphis Grizzlies,6:00p,FedEx Forum,,105,90,2:12,
11/17/2024,Atlanta Hawks,Portland Trail Blazers,6:00p,Moda Center,,114,110,2:25,
11/17/2024,Detroit Pistons,Washington Wizards,6:00p,Capital One Arena,,104,124,2:08,
11/17/2024,Houston Rockets,Chicago Bulls,7:00p,United Center,,107,143,2:08,
11/17/2024,Brooklyn Nets,New York Knicks,7:00p,Madison Square Garden (IV),,114,104,2:20,
11/17/2024,Dallas Mavericks,Oklahoma City Thunder,7:00p,Paycom Center,,119,121,2:33,
11/17/2024,Utah Jazz,Los Angeles Clippers,9:00p,Intuit Dome,,116,105,2:02,
11/18/2024,Chicago Bulls,Detroit Pistons,7:00p,Little Caesars Arena,,112,122,2:09,
11/18/2024,Philadelphia 76ers,Miami Heat,7:30p,Kaseya Center,,106,89,2:10,
11/18/2024,Washington Wizards,New York Knicks,7:30p,Madison Square Garden (IV),,134,106,2:00,
11/18/2024,Indiana Pacers,Toronto Raptors,7:30p,Scotiabank Arena,,130,119,2:16,
11/18/2024,Houston Rockets,Milwaukee Bucks,8:00p,Fiserv Forum,,101,100,2:12,
11/18/2024,Orlando Magic,Phoenix Suns,9:00p,Footprint Center,,99,109,2:21,
11/18/2024,Atlanta Hawks,Sacramento Kings,10:00p,Golden 1 Center,,108,109,2:10,
11/18/2024,Golden State Warriors,Los Angeles Clippers,10:30p,Intuit Dome,,102,99,2:11,
11/19/2024,Cleveland Cavaliers,Boston Celtics,7:00p,TD Garden,,120,117,2:16,
11/19/2024,Charlotte Hornets,Brooklyn Nets,7:30p,Barclays Center,,116,115,2:32,
11/19/2024,Denver Nuggets,Memphis Grizzlies,8:00p,FedEx Forum,,110,122,2:25,
11/19/2024,New Orleans Pelicans,Dallas Mavericks,8:30p,American Airlines Center,,132,91,2:08,
11/19/2024,Oklahoma City Thunder,San Antonio Spurs,9:30p,Frost Bank Center,,110,104,2:16,
11/19/2024,Utah Jazz,Los Angeles Lakers,10:30p,Crypto.com Arena,,124,118,2:16,
11/20/2024,New Orleans Pelicans,Cleveland Cavaliers,7:30p,Rocket Arena,,128,100,1:59,
11/20/2024,Chicago Bulls,Milwaukee Bucks,7:30p,Fiserv Forum,,122,106,2:18,
11/20/2024,Indiana Pacers,Houston Rockets,8:00p,Toyota Center,,130,113,2:18,
11/20/2024,Philadelphia 76ers,Memphis Grizzlies,8:00p,FedEx Forum,,117,111,2:19,
11/20/2024,Portland Trail Blazers,Oklahoma City Thunder,8:00p,Paycom Center,,109,99,2:17,
11/20/2024,Atlanta Hawks,Golden State Warriors,10:00p,Chase Center,,120,97,2:08,
11/20/2024,New York Knicks,Phoenix Suns,10:00p,Footprint Center,,122,138,2:16,
11/20/2024,Orlando Magic,Los Angeles Clippers,10:30p,Intuit Dome,,104,93,2:16,
11/21/2024,Detroit Pistons,Charlotte Hornets,7:00p,Spectrum Center,OT,123,121,2:39,
11/21/2024,Minnesota Timberwolves,Toronto Raptors,7:30p,Scotiabank Arena,,110,105,2:24,
11/21/2024,Utah Jazz,San Antonio Spurs,8:00p,Frost Bank Center,,126,118,2:22,
11/21/2024,Orlando Magic,Los Angeles Lakers,10:30p,Crypto.com Arena,,118,119,2:21,
11/22/2024,Brooklyn Nets,Philadelphia 76ers,7:00p,Wells Fargo Center,,113,98,2:06,
11/22/2024,Boston Celtics,Washington Wizards,7:00p,Capital One Arena,,96,108,2:24,
11/22/2024,Golden State Warriors,New Orleans Pelicans,7:30p,Smoothie King Center,,108,112,2:28,
11/22/2024,Atlanta Hawks,Chicago Bulls,8:00p,United Center,,136,122,2:08,
11/22/2024,Portland Trail Blazers,Houston Rockets,8:00p,Toyota Center,,116,88,2:10,
11/22/2024,Indiana Pacers,Milwaukee Bucks,8:00p,Fiserv Forum,,129,117,2:16,
11/22/2024,Dallas Mavericks,Denver Nuggets,10:00p,Ball Arena,,120,123,2:29,
11/22/2024,Sacramento Kings,Los Angeles Clippers,10:30p,Intuit Dome,,104,88,,
11/23/2024,New York Knicks,Utah Jazz,5:00p,Delta Center,,121,106,2:07,
11/23/2024,Detroit Pistons,Orlando Magic,7:00p,Kia Center,,111,100,2:13,
11/23/2024,Memphis Grizzlies,Chicago Bulls,8:00p,United Center,,131,142,2:07,
11/23/2024,Portland Trail Blazers,Houston Rockets,8:00p,Toyota Center,,98,104,2:28,
11/23/2024,Charlotte Hornets,Milwaukee Bucks,8:00p,Fiserv Forum,,125,119,2:21,
11/23/2024,Golden State Warriors,San Antonio Spurs,8:30p,Frost Bank Center,,104,94,2:10,
11/23/2024,Denver Nuggets,Los Angeles Lakers,10:30p,Crypto.com Arena,,102,127,2:05,
11/24/2024,Minnesota Timberwolves,Boston Celtics,3:30p,TD Garden,,107,105,2:03,
11/24/2024,Washington Wizards,Indiana Pacers,5:00p,Gainbridge Fieldhouse,,115,103,2:11,
11/24/2024,Dallas Mavericks,Miami Heat,6:00p,Kaseya Center,OT,123,118,2:30,
11/24/2024,Los Angeles Clippers,Philadelphia 76ers,6:00p,Wells Fargo Center,,99,125,2:13,
11/24/2024,Toronto Raptors,Cleveland Cavaliers,7:30p,Rocket Arena,,122,108,2:17,
11/24/2024,Brooklyn Nets,Sacramento Kings,9:00p,Golden 1 Center,,103,108,2:24,
11/25/2024,Orlando Magic,Charlotte Hornets,7:00p,Spectrum Center,,84,95,2:20,
11/25/2024,Toronto Raptors,Detroit Pistons,7:00p,Little Caesars Arena,,102,100,2:24,
11/25/2024,New Orleans Pelicans,Indiana Pacers,7:00p,Gainbridge Fieldhouse,,114,110,2:10,
11/25/2024,Dallas Mavericks,Atlanta Hawks,7:30p,State Farm Arena,,119,129,2:07,
11/25/2024,Los Angeles Clippers,Boston Celtics,7:30p,TD Garden,,126,94,1:58,
11/25/2024,Portland Trail Blazers,Memphis Grizzlies,8:00p,FedEx Forum,,123,98,2:16,
11/25/2024,New York Knicks,Denver Nuggets,9:00p,Ball Arena,,118,145,,
11/25/2024,Brooklyn Nets,Golden State Warriors,10:00p,Chase Center,,120,128,2:22,
11/25/2024,Oklahoma City Thunder,Sacramento Kings,10:00p,Golden 1 Center,,109,130,2:11,
11/26/2024,Chicago Bulls,Washington Wizards,7:00p,Capital One Arena,,108,127,2:13,
11/26/2024,Milwaukee Bucks,Miami Heat,7:30p,Kaseya Center,,103,106,2:21,
11/26/2024,Houston Rockets,Minnesota Timberwolves,8:00p,Target Center,OT,111,117,2:18,
11/26/2024,San Antonio Spurs,Utah Jazz,9:00p,Delta Center,,115,128,2:19,
11/26/2024,Los Angeles Lakers,Phoenix Suns,10:00p,Footprint Center,,127,100,2:18,
11/27/2024,Miami Heat,Charlotte Hornets,7:00p,Spectrum Center,,94,98,2:14,
11/27/2024,Atlanta Hawks,Cleveland Cavaliers,7:00p,Rocket Arena,,124,135,2:18,
11/27/2024,Portland Trail Blazers,Indiana Pacers,7:00p,Gainbridge Fieldhouse,,121,114,2:15,
11/27/2024,Chicago Bulls,Orlando Magic,7:00p,Kia Center,,133,119,2:12,
11/27/2024,Houston Rockets,Philadelphia 76ers,7:00p,Wells Fargo Center,OT,115,122,2:40,
11/27/2024,Los Angeles Clippers,Washington Wizards,7:00p,Capital One Arena,,96,121,2:12,
11/27/2024,New York Knicks,Dallas Mavericks,7:30p,American Airlines Center,,129,114,2:17,
11/27/2024,Detroit Pistons,Memphis Grizzlies,8:00p,FedEx Forum,,131,111,2:11,
11/27/2024,Sacramento Kings,Minnesota Timberwolves,8:00p,Target Center,,104,115,2:17,
11/27/2024,Toronto Raptors,New Orleans Pelicans,8:00p,Smoothie King Center,,93,119,2:00,
11/27/2024,Los Angeles Lakers,San Antonio Spurs,8:30p,Frost Bank Center,,101,119,2:05,
11/27/2024,Brooklyn Nets,Phoenix Suns,9:00p,Footprint Center,,117,127,2:23,
11/27/2024,Denver Nuggets,Utah Jazz,9:00p,Delta Center,,103,122,2:05,
11/27/2024,Oklahoma City Thunder,Golden State Warriors,10:00p,Chase Center,,101,105,2:24,
11/29/2024,New York Knicks,Charlotte Hornets,12:00p,Spectrum Center,,98,99,2:17,
11/29/2024,Cleveland Cavaliers,Atlanta Hawks,2:30p,State Farm Arena,,117,101,2:12,
11/29/2024,New Orleans Pelicans,Memphis Grizzlies,5:00p,FedEx Forum,,120,109,2:09,
11/29/2024,Orlando Magic,Brooklyn Nets,7:30p,Barclays Center,,100,123,2:13,
11/29/2024,Los Angeles Clippers,Minnesota Timberwolves,7:30p,Target Center,,93,92,2:10,
11/29/2024,Boston Celtics,Chicago Bulls,8:00p,United Center,,129,138,2:08,
11/29/2024,Detroit Pistons,Indiana Pacers,8:00p,Gainbridge Fieldhouse,,106,130,2:11,
11/29/2024,Toronto Raptors,Miami Heat,8:00p,Kaseya Center,,121,111,2:13,
11/29/2024,Oklahoma City Thunder,Los Angeles Lakers,10:00p,Crypto.com Arena,,93,101,2:16,
11/29/2024,Sacramento Kings,Portland Trail Blazers,10:00p,Moda Center,,115,106,2:12,
11/30/2024,Atlanta Hawks,Charlotte Hornets,6:00p,Spectrum Center,,104,107,2:20,
11/30/2024,Philadelphia 76ers,Detroit Pistons,7:00p,Little Caesars Arena,,96,111,2:12,
11/30/2024,Washington Wizards,Milwaukee Bucks,8:00p,Fiserv Forum,,124,114,2:20,
11/30/2024,Golden State Warriors,Phoenix Suns,9:00p,Footprint Center,,113,105,2:11,
11/30/2024,Dallas Mavericks,Utah Jazz,9:30p,Delta Center,,94,106,2:04,
12/1/2024,Orlando Magic,Brooklyn Nets,3:30p,Barclays Center,,92,100,2:36,
12/1/2024,Indiana Pacers,Memphis Grizzlies,3:30p,FedEx Forum,,136,121,2:18,
12/1/2024,Boston Celtics,Cleveland Cavaliers,6:00p,Rocket Arena,,115,111,2:16,
12/1/2024,New Orleans Pelicans,New York Knicks,6:00p,Madison Square Garden (IV),,118,85,2:03,
12/1/2024,Miami Heat,Toronto Raptors,6:00p,Scotiabank Arena,,119,116,2:16,
12/1/2024,Oklahoma City Thunder,Houston Rockets,7:00p,Toyota Center,,119,116,2:35,
12/1/2024,Los Angeles Lakers,Utah Jazz,8:00p,Delta Center,,104,105,2:09,
12/1/2024,Dallas Mavericks,Portland Trail Blazers,9:00p,Moda Center,,131,137,2:11,
12/1/2024,San Antonio Spurs,Sacramento Kings,9:00p,Golden 1 Center,,125,127,2:18,
12/1/2024,Denver Nuggets,Los Angeles Clippers,10:00p,Intuit Dome,,126,122,2:16,
12/2/2024,New Orleans Pelicans,Atlanta Hawks,7:30p,State Farm Arena,,124,112,2:12,
12/2/2024,Miami Heat,Boston Celtics,7:30p,TD Garden,,108,89,2:02,
12/2/2024,Brooklyn Nets,Chicago Bulls,8:00p,United Center,,128,102,2:09,
12/2/2024,Los Angeles Lakers,Minnesota Timberwolves,8:00p,Target Center,,109,80,2:03,
12/3/2024,Philadelphia 76ers,Charlotte Hornets,7:00p,Spectrum Center,,104,110,2:18,
12/3/2024,Washington Wizards,Cleveland Cavaliers,7:00p,Rocket Arena,,118,87,2:09,
12/3/2024,Milwaukee Bucks,Detroit Pistons,7:00p,Little Caesars Arena,,107,128,2:10,
12/3/2024,Orlando Magic,New York Knicks,7:30p,Madison Square Garden (IV),,121,106,2:26,
12/3/2024,Indiana Pacers,Toronto Raptors,7:30p,Scotiabank Arena,,122,111,2:17,
12/3/2024,Utah Jazz,Oklahoma City Thunder,8:00p,Paycom Center,,133,106,2:13,
12/3/2024,Memphis Grizzlies,Dallas Mavericks,8:30p,American Airlines Center,,121,116,2:35,
12/3/2024,San Antonio Spurs,Phoenix Suns,9:00p,Footprint Center,,104,93,2:15,
12/3/2024,Golden State Warriors,Denver Nuggets,10:00p,Ball Arena,,119,115,2:26,
12/3/2024,Houston Rockets,Sacramento Kings,10:00p,Golden 1 Center,,120,111,2:21,
12/3/2024,Portland Trail Blazers,Los Angeles Clippers,10:30p,Intuit Dome,,127,105,2:06,
12/4/2024,Detroit Pistons,Boston Celtics,7:30p,TD Garden,,130,120,2:12,
12/4/2024,Indiana Pacers,Brooklyn Nets,7:30p,Barclays Center,,99,90,2:16,
12/4/2024,Los Angeles Lakers,Miami Heat,7:30p,Kaseya Center,,134,93,1:59,
12/4/2024,Orlando Magic,Philadelphia 76ers,7:30p,Wells Fargo Center,,102,106,2:21,
12/4/2024,Atlanta Hawks,Milwaukee Bucks,8:00p,Fiserv Forum,,104,119,2:21,
12/4/2024,Minnesota Timberwolves,Los Angeles Clippers,10:30p,Intuit Dome,,80,108,2:02,
12/5/2024,Denver Nuggets,Cleveland Cavaliers,7:00p,Rocket Arena,,126,114,2:05,
12/5/2024,Dallas Mavericks,Washington Wizards,7:00p,Capital One Arena,,101,137,2:08,
12/5/2024,Charlotte Hornets,New York Knicks,7:30p,Madison Square Garden (IV),,125,101,2:08,
12/5/2024,Oklahoma City Thunder,Toronto Raptors,7:30p,Scotiabank Arena,,92,129,2:02,
12/5/2024,Sacramento Kings,Memphis Grizzlies,8:00p,FedEx Forum,,115,110,2:28,
12/5/2024,Phoenix Suns,New Orleans Pelicans,8:00p,Smoothie King Center,,126,124,2:21,
12/5/2024,Chicago Bulls,San Antonio Spurs,8:00p,Frost Bank Center,,124,139,2:22,
12/5/2024,Houston Rockets,Golden State Warriors,10:00p,Chase Center,,99,93,2:19,
12/6/2024,Orlando Magic,Philadelphia 76ers,7:00p,Wells Fargo Center,,102,94,2:24,
12/6/2024,Los Angeles Lakers,Atlanta Hawks,7:30p,State Farm Arena,OT,134,132,2:42,
12/6/2024,Milwaukee Bucks,Boston Celtics,7:30p,TD Garden,,111,105,2:16,
12/6/2024,Indiana Pacers,Chicago Bulls,8:00p,United Center,,123,132,2:00,
12/6/2024,Sacramento Kings,San Antonio Spurs,8:00p,Frost Bank Center,,113,140,2:13,
12/6/2024,Minnesota Timberwolves,Golden State Warriors,10:00p,Chase Center,,90,107,2:18,
12/6/2024,Utah Jazz,Portland Trail Blazers,10:00p,Moda Center,,99,141,2:07,
12/7/2024,Cleveland Cavaliers,Charlotte Hornets,1:00p,Spectrum Center,,102,116,2:14,
12/7/2024,Oklahoma City Thunder,New Orleans Pelicans,7:00p,Smoothie King Center,,109,119,2:17,
12/7/2024,Denver Nuggets,Washington Wizards,7:00p,Capital One Arena,,122,113,2:22,
12/7/2024,Detroit Pistons,New York Knicks,7:30p,Madison Square Garden (IV),,111,120,2:15,
12/7/2024,Dallas Mavericks,Toronto Raptors,7:30p,Scotiabank Arena,,118,125,2:11,
12/7/2024,Memphis Grizzlies,Boston Celtics,8:00p,TD Garden,,121,127,2:20,
12/7/2024,Phoenix Suns,Miami Heat,8:00p,Kaseya Center,,121,111,2:13,
12/8/2024,Philadelphia 76ers,Chicago Bulls,1:00p,United Center,,100,108,2:10,
12/8/2024,Milwaukee Bucks,Brooklyn Nets,3:30p,Barclays Center,,113,118,2:19,
12/8/2024,Charlotte Hornets,Indiana Pacers,5:00p,Gainbridge Fieldhouse,,109,113,2:22,
12/8/2024,Denver Nuggets,Atlanta Hawks,6:00p,State Farm Arena,,111,141,2:14,
12/8/2024,Cleveland Cavaliers,Miami Heat,6:00p,Kaseya Center,,122,113,,
12/8/2024,Phoenix Suns,Orlando Magic,6:30p,Kia Center,,115,110,2:23,
12/8/2024,New Orleans Pelicans,San Antonio Spurs,7:00p,Frost Bank Center,,121,116,2:20,
12/8/2024,Memphis Grizzlies,Washington Wizards,7:00p,Capital One Arena,,112,140,2:18,
12/8/2024,Minnesota Timberwolves,Golden State Warriors,8:30p,Chase Center,,114,106,2:18,
12/8/2024,Houston Rockets,Los Angeles Clippers,9:00p,Intuit Dome,,106,117,2:13,
12/8/2024,Utah Jazz,Sacramento Kings,9:00p,Golden 1 Center,,141,97,2:09,
12/8/2024,Portland Trail Blazers,Los Angeles Lakers,9:30p,Crypto.com Arena,,107,98,2:07,
12/9/2024,New York Knicks,Toronto Raptors,7:30p,Scotiabank Arena,,108,113,2:17,
12/10/2024,Orlando Magic,Milwaukee Bucks,7:00p,Fiserv Forum,,114,109,2:35,
12/10/2024,Dallas Mavericks,Oklahoma City Thunder,9:30p,Paycom Center,,118,104,2:08,
12/11/2024,Atlanta Hawks,New York Knicks,7:00p,Madison Square Garden (IV),,100,108,2:13,
12/11/2024,Golden State Warriors,Houston Rockets,9:30p,Toyota Center,,91,90,2:17,
12/12/2024,Detroit Pistons,Boston Celtics,7:30p,TD Garden,,123,99,1:57,
12/12/2024,Toronto Raptors,Miami Heat,7:30p,Kaseya Center,,114,104,2:14,
12/12/2024,Sacramento Kings,New Orleans Pelicans,8:00p,Smoothie King Center,,109,111,2:12,
12/13/2024,Washington Wizards,Cleveland Cavaliers,7:00p,Rocket Arena,,115,105,2:15,
12/13/2024,Indiana Pacers,Philadelphia 76ers,7:00p,Wells Fargo Center,,107,121,2:17,
12/13/2024,Charlotte Hornets,Chicago Bulls,8:00p,United Center,,109,95,2:08,
12/13/2024,Brooklyn Nets,Memphis Grizzlies,8:00p,FedEx Forum,,135,119,2:26,
12/13/2024,Los Angeles Lakers,Minnesota Timberwolves,8:00p,Target Center,,97,87,2:08,
12/13/2024,Los Angeles Clippers,Denver Nuggets,9:00p,Ball Arena,,120,98,2:13,
12/13/2024,Phoenix Suns,Utah Jazz,9:30p,Delta Center,,126,134,2:11,
12/13/2024,San Antonio Spurs,Portland Trail Blazers,10:00p,Moda Center,,116,118,2:16,
12/14/2024,Atlanta Hawks,Milwaukee Bucks,4:30p,T-Mobile Arena,,110,102,2:30,
12/14/2024,Houston Rockets,Oklahoma City Thunder,8:30p,T-Mobile Arena,,111,96,2:24,
12/15/2024,New Orleans Pelicans,Indiana Pacers,5:00p,Gainbridge Fieldhouse,,119,104,2:08,
12/15/2024,New York Knicks,Orlando Magic,6:00p,Kia Center,,91,100,2:22,
12/15/2024,Boston Celtics,Washington Wizards,6:00p,Capital One Arena,,98,112,2:05,
12/15/2024,Minnesota Timberwolves,San Antonio Spurs,7:00p,Frost Bank Center,,92,106,2:03,
12/15/2024,Portland Trail Blazers,Phoenix Suns,8:00p,Footprint Center,,116,109,2:06,
12/15/2024,Dallas Mavericks,Golden State Warriors,8:30p,Chase Center,,133,143,2:14,
12/15/2024,Memphis Grizzlies,Los Angeles Lakers,9:30p,Crypto.com Arena,,116,110,2:34,
12/16/2024,Philadelphia 76ers,Charlotte Hornets,7:00p,Spectrum Center,,108,121,2:22,
12/16/2024,Miami Heat,Detroit Pistons,7:00p,Little Caesars Arena,OT,125,124,2:35,
12/16/2024,Cleveland Cavaliers,Brooklyn Nets,7:30p,Barclays Center,,101,130,2:18,
12/16/2024,Chicago Bulls,Toronto Raptors,7:30p,Scotiabank Arena,,121,122,2:25,
12/16/2024,Denver Nuggets,Sacramento Kings,10:00p,Golden 1 Center,,129,130,2:19,
12/16/2024,Utah Jazz,Los Angeles Clippers,10:30p,Intuit Dome,,144,107,2:16,
12/17/2024,Milwaukee Bucks,Oklahoma City Thunder,8:30p,T-Mobile Arena,,81,97,2:19,
12/19/2024,Utah Jazz,Detroit Pistons,7:00p,Little Caesars Arena,,119,126,2:32,
12/19/2024,Oklahoma City Thunder,Orlando Magic,7:00p,Kia Center,,99,105,2:26,
12/19/2024,Charlotte Hornets,Washington Wizards,7:00p,Capital One Arena,,123,114,2:24,
12/19/2024,Chicago Bulls,Boston Celtics,7:30p,TD Garden,,108,117,2:06,
12/19/2024,Brooklyn Nets,Toronto Raptors,7:30p,Scotiabank Arena,,94,101,2:20,
12/19/2024,New Orleans Pelicans,Houston Rockets,8:00p,Toyota Center,,133,113,2:13,
12/19/2024,Golden State Warriors,Memphis Grizzlies,8:00p,FedEx Forum,,144,93,2:06,
12/19/2024,Atlanta Hawks,San Antonio Spurs,8:00p,Frost Bank Center,OT,133,126,2:36,
12/19/2024,Los Angeles Clippers,Dallas Mavericks,8:30p,American Airlines Center,,95,118,2:14,
12/19/2024,Indiana Pacers,Phoenix Suns,9:00p,Footprint Center,,111,120,2:17,
12/19/2024,New York Knicks,Minnesota Timberwolves,9:30p,Target Center,,107,133,2:13,
12/19/2024,Denver Nuggets,Portland Trail Blazers,10:00p,Moda Center,,126,124,2:14,
12/19/2024,Los Angeles Lakers,Sacramento Kings,10:00p,Golden 1 Center,,100,113,2:18,
12/20/2024,Charlotte Hornets,Philadelphia 76ers,7:00p,Wells Fargo Center,,108,98,2:16,
12/20/2024,Milwaukee Bucks,Cleveland Cavaliers,7:30p,Rocket Arena,,124,101,2:03,
12/20/2024,Oklahoma City Thunder,Miami Heat,8:00p,Kaseya Center,,97,104,2:17,
12/21/2024,Los Angeles Lakers,Sacramento Kings,6:00p,Golden 1 Center,,99,103,2:13,
12/21/2024,Miami Heat,Orlando Magic,7:00p,Kia Center,,121,114,2:32,
12/21/2024,Memphis Grizzlies,Atlanta Hawks,7:30p,State Farm Arena,,112,128,2:04,
12/21/2024,Utah Jazz,Brooklyn Nets,7:30p,Barclays Center,,94,105,2:06,
12/21/2024,Boston Celtics,Chicago Bulls,8:00p,United Center,,98,123,1:57,
12/21/2024,Philadelphia 76ers,Cleveland Cavaliers,8:00p,Rocket Arena,,126,99,2:06,
12/21/2024,Washington Wizards,Milwaukee Bucks,8:00p,Fiserv Forum,,112,101,1:54,
12/21/2024,Golden State Warriors,Minnesota Timberwolves,8:00p,Target Center,,103,113,2:47,
12/21/2024,New York Knicks,New Orleans Pelicans,8:00p,Smoothie King Center,,93,104,2:07,
12/21/2024,Los Angeles Clippers,Dallas Mavericks,8:30p,American Airlines Center,,113,97,2:10,
12/21/2024,Portland Trail Blazers,San Antonio Spurs,8:30p,Frost Bank Center,,114,94,2:06,
12/21/2024,Detroit Pistons,Phoenix Suns,9:00p,Footprint Center,,125,133,2:22,
12/22/2024,Indiana Pacers,Sacramento Kings,6:00p,Golden 1 Center,,95,122,2:00,
12/22/2024,Houston Rockets,Toronto Raptors,6:00p,Scotiabank Arena,,110,114,2:14,
12/22/2024,Denver Nuggets,New Orleans Pelicans,7:00p,Smoothie King Center,OT,129,132,2:39,
12/23/2024,Houston Rockets,Charlotte Hornets,7:00p,Spectrum Center,,101,114,2:03,
12/23/2024,Utah Jazz,Cleveland Cavaliers,7:00p,Rocket Arena,,124,113,2:09,
12/23/2024,Boston Celtics,Orlando Magic,7:00p,Kia Center,,108,104,2:26,
12/23/2024,San Antonio Spurs,Philadelphia 76ers,7:00p,Wells Fargo Center,,111,106,2:20,
12/23/2024,Minnesota Timberwolves,Atlanta Hawks,7:30p,State Farm Arena,,117,104,2:12,
12/23/2024,Brooklyn Nets,Miami Heat,7:30p,Kaseya Center,,110,95,2:10,
12/23/2024,Toronto Raptors,New York Knicks,7:30p,Madison Square Garden (IV),,139,125,2:19,
12/23/2024,Milwaukee Bucks,Chicago Bulls,8:00p,United Center,,91,112,2:02,
12/23/2024,Los Angeles Clippers,Memphis Grizzlies,8:00p,FedEx Forum,,110,114,2:26,
12/23/2024,Washington Wizards,Oklahoma City Thunder,8:00p,Paycom Center,,123,105,2:17,
12/23/2024,Portland Trail Blazers,Dallas Mavericks,8:30p,American Airlines Center,,132,108,2:15,
12/23/2024,Phoenix Suns,Denver Nuggets,10:00p,Ball Arena,,117,90,2:05,
12/23/2024,Indiana Pacers,Golden State Warriors,10:00p,Chase Center,,105,111,2:13,
12/23/2024,Detroit Pistons,Los Angeles Lakers,10:30p,Crypto.com Arena,,114,117,2:11,
12/25/2024,San Antonio Spurs,New York Knicks,12:00p,Madison Square Garden (IV),,117,114,2:19,
12/25/2024,Minnesota Timberwolves,Dallas Mavericks,2:30p,American Airlines Center,,99,105,2:20,
12/25/2024,Philadelphia 76ers,Boston Celtics,5:00p,TD Garden,,114,118,2:23,
12/25/2024,Los Angeles Lakers,Golden State Warriors,8:00p,Chase Center,,113,115,2:25,
12/25/2024,Denver Nuggets,Phoenix Suns,10:30p,Footprint Center,,110,100,2:15,
12/26/2024,Oklahoma City Thunder,Indiana Pacers,7:00p,Gainbridge Fieldhouse,,114,120,2:11,
12/26/2024,Miami Heat,Orlando Magic,7:00p,Kia Center,,88,89,2:11,
12/26/2024,Charlotte Hornets,Washington Wizards,7:00p,Capital One Arena,,113,110,2:25,
12/26/2024,Chicago Bulls,Atlanta Hawks,7:30p,State Farm Arena,,141,133,2:14,
12/26/2024,Toronto Raptors,Memphis Grizzlies,8:00p,FedEx Forum,,155,126,2:12,
12/26/2024,Brooklyn Nets,Milwaukee Bucks,8:00p,Fiserv Forum,,105,111,2:16,
12/26/2024,Houston Rockets,New Orleans Pelicans,8:00p,Smoothie King Center,,111,128,2:03,
12/26/2024,Utah Jazz,Portland Trail Blazers,10:00p,Moda Center,,122,120,2:07,
12/26/2024,Detroit Pistons,Sacramento Kings,10:00p,Golden 1 Center,,113,114,2:22,
12/27/2024,New York Knicks,Orlando Magic,7:00p,Kia Center,,85,108,2:23,
12/27/2024,Indiana Pacers,Boston Celtics,7:30p,TD Garden,,142,105,2:08,
12/27/2024,San Antonio Spurs,Brooklyn Nets,7:30p,Barclays Center,,87,96,2:20,
12/27/2024,Minnesota Timberwolves,Houston Rockets,8:00p,Toyota Center,,112,113,2:12,
12/27/2024,Memphis Grizzlies,New Orleans Pelicans,8:00p,Smoothie King Center,,124,132,2:24,
12/27/2024,Cleveland Cavaliers,Denver Nuggets,9:00p,Ball Arena,,135,149,2:14,
12/27/2024,Dallas Mavericks,Phoenix Suns,9:00p,Footprint Center,,89,98,2:20,
12/27/2024,Golden State Warriors,Los Angeles Clippers,10:00p,Intuit Dome,,102,92,2:17,
12/28/2024,Miami Heat,Atlanta Hawks,3:00p,State Farm Arena,,120,110,2:09,
12/28/2024,Oklahoma City Thunder,Charlotte Hornets,6:00p,Spectrum Center,,94,106,2:09,
12/28/2024,New York Knicks,Washington Wizards,7:00p,Capital One Arena,OT,132,136,2:28,
12/28/2024,Milwaukee Bucks,Chicago Bulls,8:00p,United Center,,116,111,2:10,
12/28/2024,Phoenix Suns,Golden State Warriors,8:30p,Chase Center,,109,105,2:18,
12/28/2024,Detroit Pistons,Denver Nuggets,9:00p,Ball Arena,,134,121,2:19,
12/28/2024,Philadelphia 76ers,Utah Jazz,9:30p,Delta Center,,111,114,2:31,
12/28/2024,Dallas Mavericks,Portland Trail Blazers,10:00p,Moda Center,,126,122,2:17,
12/28/2024,Sacramento Kings,Los Angeles Lakers,10:30p,Crypto.com Arena,,132,122,2:15,
12/29/2024,Brooklyn Nets,Orlando Magic,3:30p,Kia Center,,102,101,2:26,
12/29/2024,Indiana Pacers,Boston Celtics,6:00p,TD Garden,,114,123,2:13,
12/29/2024,Atlanta Hawks,Toronto Raptors,6:00p,Scotiabank Arena,,107,136,2:18,
12/29/2024,Miami Heat,Houston Rockets,7:00p,Toyota Center,,100,104,2:19,
12/29/2024,Memphis Grizzlies,Oklahoma City Thunder,7:00p,Paycom Center,,130,106,2:08,
12/29/2024,San Antonio Spurs,Minnesota Timberwolves,9:00p,Target Center,,112,110,2:20,
12/30/2024,Chicago Bulls,Charlotte Hornets,7:00p,Spectrum Center,OT,108,115,2:24,
12/30/2024,New York Knicks,Washington Wizards,7:00p,Capital One Arena,,106,126,2:10,
12/30/2024,Los Angeles Clippers,New Orleans Pelicans,8:00p,Smoothie King Center,,113,116,2:27,
12/30/2024,Denver Nuggets,Utah Jazz,9:00p,Delta Center,,121,132,2:06,
12/30/2024,Cleveland Cavaliers,Golden State Warriors,10:00p,Chase Center,,95,113,2:10,
12/30/2024,Philadelphia 76ers,Portland Trail Blazers,10:00p,Moda Center,,103,125,2:27,
12/30/2024,Dallas Mavericks,Sacramento Kings,10:00p,Golden 1 Center,,110,100,2:19,
12/31/2024,Toronto Raptors,Boston Celtics,3:00p,TD Garden,,125,71,1:59,
12/31/2024,Milwaukee Bucks,Indiana Pacers,3:00p,Gainbridge Fieldhouse,,112,120,2:24,
12/31/2024,Los Angeles Clippers,San Antonio Spurs,7:00p,Frost Bank Center,,122,86,2:03,
12/31/2024,Minnesota Timberwolves,Oklahoma City Thunder,8:00p,Paycom Center,,113,105,2:09,
12/31/2024,Cleveland Cavaliers,Los Angeles Lakers,9:00p,Crypto.com Arena,,110,122,2:03,
12/31/2024,Memphis Grizzlies,Phoenix Suns,9:00p,Footprint Center,,112,117,2:27,
01/1/2025,Orlando Magic,Detroit Pistons,7:00p,Little Caesars Arena,,105,96,2:17,
01/1/2025,Chicago Bulls,Washington Wizards,7:00p,Capital One Arena,,125,107,2:12,
01/1/2025,New Orleans Pelicans,Miami Heat,7:30p,Kaseya Center,,119,108,2:10,
01/1/2025,Utah Jazz,New York Knicks,7:30p,Madison Square Garden (IV),,119,103,2:06,
01/1/2025,Brooklyn Nets,Toronto Raptors,7:30p,Scotiabank Arena,,130,113,2:10,
01/1/2025,Dallas Mavericks,Houston Rockets,8:00p,Toyota Center,,110,99,2:17,
01/1/2025,Atlanta Hawks,Denver Nuggets,9:00p,Ball Arena,,139,120,2:08,
01/1/2025,Philadelphia 76ers,Sacramento Kings,10:00p,Golden 1 Center,,113,107,2:18,
01/2/2025,Indiana Pacers,Miami Heat,7:30p,Kaseya Center,,115,128,2:05,
01/2/2025,Boston Celtics,Minnesota Timberwolves,7:30p,Target Center,,115,118,2:11,
01/2/2025,Brooklyn Nets,Milwaukee Bucks,8:00p,Fiserv Forum,,110,113,2:27,
01/2/2025,Los Angeles Clippers,Oklahoma City Thunder,8:00p,Paycom Center,,116,98,2:04,
01/2/2025,Philadelphia 76ers,Golden State Warriors,10:00p,Chase Center,,139,105,2:16,
01/2/2025,Portland Trail Blazers,Los Angeles Lakers,10:30p,Crypto.com Arena,,114,106,2:09,
01/3/2025,Charlotte Hornets,Detroit Pistons,7:00p,Little Caesars Arena,,98,94,2:22,
01/3/2025,Orlando Magic,Toronto Raptors,7:30p,Scotiabank Arena,,97,106,2:07,
01/3/2025,Boston Celtics,Houston Rockets,8:00p,Toyota Center,,86,109,2:01,
01/3/2025,Washington Wizards,New Orleans Pelicans,8:00p,Smoothie King Center,,132,120,2:17,
01/3/2025,New York Knicks,Oklahoma City Thunder,8:00p,Paycom Center,,117,107,2:13,
01/3/2025,Cleveland Cavaliers,Dallas Mavericks,8:30p,American Airlines Center,,122,134,2:10,
01/3/2025,San Antonio Spurs,Denver Nuggets,9:00p,Ball Arena,,110,113,2:02,
01/3/2025,Memphis Grizzlies,Sacramento Kings,10:00p,Golden 1 Center,,138,133,2:25,
01/3/2025,Atlanta Hawks,Los Angeles Lakers,10:30p,Crypto.com Arena,,119,102,2:10,
01/4/2025,Philadelphia 76ers,Brooklyn Nets,6:00p,Barclays Center,,94,123,2:16,
01/4/2025,Minnesota Timberwolves,Detroit Pistons,7:00p,Little Caesars Arena,,119,105,2:14,
01/4/2025,Phoenix Suns,Indiana Pacers,7:00p,Gainbridge Fieldhouse,,126,108,2:07,
01/4/2025,New York Knicks,Chicago Bulls,8:00p,United Center,,139,126,2:23,
01/4/2025,Utah Jazz,Miami Heat,8:00p,Kaseya Center,,100,136,2:07,
01/4/2025,Portland Trail Blazers,Milwaukee Bucks,8:00p,Fiserv Forum,,102,105,2:01,
01/4/2025,Denver Nuggets,San Antonio Spurs,8:00p,Frost Bank Center,OT,111,122,2:31,
01/4/2025,Memphis Grizzlies,Golden State Warriors,8:30p,Chase Center,,121,113,2:18,
01/4/2025,Atlanta Hawks,Los Angeles Clippers,10:30p,Intuit Dome,,131,105,2:02,
01/5/2025,Boston Celtics,Oklahoma City Thunder,3:30p,Paycom Center,,105,92,2:08,
01/5/2025,Charlotte Hornets,Cleveland Cavaliers,6:00p,Rocket Arena,,115,105,2:06,
01/5/2025,New Orleans Pelicans,Washington Wizards,6:00p,Capital One Arena,,98,110,2:08,
01/5/2025,Utah Jazz,Orlando Magic,6:30p,Kia Center,,92,105,2:03,
01/5/2025,Los Angeles Lakers,Houston Rockets,7:00p,Toyota Center,,119,115,2:16,
01/5/2025,Sacramento Kings,Golden State Warriors,8:30p,Chase Center,,99,129,2:08,
01/6/2025,Portland Trail Blazers,Detroit Pistons,7:00p,Little Caesars Arena,,118,115,2:09,
01/6/2025,Phoenix Suns,Philadelphia 76ers,7:00p,Wells Fargo Center,,99,109,2:16,
01/6/2025,Indiana Pacers,Brooklyn Nets,7:30p,Barclays Center,,99,113,2:12,
01/6/2025,Orlando Magic,New York Knicks,7:30p,Madison Square Garden (IV),,94,103,2:16,
01/6/2025,Milwaukee Bucks,Toronto Raptors,7:30p,Scotiabank Arena,,104,128,2:05,
01/6/2025,San Antonio Spurs,Chicago Bulls,8:00p,United Center,,114,110,2:13,
01/6/2025,Dallas Mavericks,Memphis Grizzlies,8:00p,FedEx Forum,,119,104,2:12,
01/6/2025,Los Angeles Clippers,Minnesota Timberwolves,8:00p,Target Center,,108,106,2:17,
01/6/2025,Miami Heat,Sacramento Kings,10:00p,Golden 1 Center,2OT,123,118,2:43,
01/7/2025,Phoenix Suns,Charlotte Hornets,7:00p,Spectrum Center,,115,104,2:16,
01/7/2025,Houston Rockets,Washington Wizards,7:00p,Capital One Arena,,112,135,2:05,
01/7/2025,Los Angeles Lakers,Dallas Mavericks,7:30p,American Airlines Center,,118,97,2:09,
01/7/2025,Minnesota Timberwolves,New Orleans Pelicans,8:00p,Smoothie King Center,,97,104,2:18,
01/7/2025,Atlanta Hawks,Utah Jazz,9:00p,Delta Center,,121,124,2:18,
01/7/2025,Boston Celtics,Denver Nuggets,10:00p,Ball Arena,,106,118,2:16,
01/7/2025,Miami Heat,Golden State Warriors,10:00p,Chase Center,,98,114,2:01,
01/8/2025,Oklahoma City Thunder,Cleveland Cavaliers,7:00p,Rocket Arena,,129,122,2:19,
01/8/2025,Chicago Bulls,Indiana Pacers,7:00p,Gainbridge Fieldhouse,,129,113,2:15,
01/8/2025,Washington Wizards,Philadelphia 76ers,7:00p,Wells Fargo Center,,109,103,2:18,
01/8/2025,Detroit Pistons,Brooklyn Nets,7:30p,Barclays Center,,98,113,2:07,
01/8/2025,Toronto Raptors,New York Knicks,7:30p,Madison Square Garden (IV),,112,98,2:11,
01/8/2025,Portland Trail Blazers,New Orleans Pelicans,8:00p,Smoothie King Center,,100,119,1:58,
01/8/2025,Los Angeles Clippers,Denver Nuggets,9:00p,Ball Arena,,126,103,2:11,
01/8/2025,San Antonio Spurs,Milwaukee Bucks,9:30p,Fiserv Forum,,121,105,2:10,
01/9/2025,Toronto Raptors,Cleveland Cavaliers,7:00p,Rocket Arena,,132,126,2:08,
01/9/2025,Golden State Warriors,Detroit Pistons,7:00p,Little Caesars Arena,,104,107,2:25,
01/9/2025,Minnesota Timberwolves,Orlando Magic,7:00p,Kia Center,,89,104,2:16,
01/9/2025,Portland Trail Blazers,Dallas Mavericks,7:30p,American Airlines Center,,117,111,2:15,
01/9/2025,Houston Rockets,Memphis Grizzlies,8:00p,FedEx Forum,,115,119,2:33,
01/9/2025,Atlanta Hawks,Phoenix Suns,9:00p,Footprint Center,,123,115,2:12,
01/9/2025,Miami Heat,Utah Jazz,9:00p,Delta Center,,92,97,2:11,
01/10/2025,Golden State Warriors,Indiana Pacers,7:00p,Gainbridge Fieldhouse,,108,96,2:03,
01/10/2025,Milwaukee Bucks,Orlando Magic,7:00p,Kia Center,,106,109,2:24,
01/10/2025,New Orleans Pelicans,Philadelphia 76ers,7:00p,Wells Fargo Center,,115,123,2:12,
01/10/2025,Sacramento Kings,Boston Celtics,7:30p,TD Garden,,97,114,2:00,
01/10/2025,Oklahoma City Thunder,New York Knicks,7:30p,Madison Square Garden (IV),,101,126,2:06,
01/10/2025,Washington Wizards,Chicago Bulls,8:00p,United Center,,138,105,2:03,
01/10/2025,Brooklyn Nets,Denver Nuggets,9:00p,Ball Arena,,124,105,2:20,
01/11/2025,Utah Jazz,Phoenix Suns,5:00p,Footprint Center,,114,106,2:10,
01/11/2025,Toronto Raptors,Detroit Pistons,7:00p,Little Caesars Arena,,123,114,2:15,
01/11/2025,Memphis Grizzlies,Minnesota Timberwolves,8:00p,Target Center,,125,127,2:17,
01/11/2025,Miami Heat,Portland Trail Blazers,10:00p,Moda Center,,98,119,2:08,
01/12/2025,Denver Nuggets,Dallas Mavericks,3:00p,American Airlines Center,,101,112,2:12,
01/12/2025,Milwaukee Bucks,New York Knicks,3:00p,Madison Square Garden (IV),,140,106,2:14,
01/12/2025,Sacramento Kings,Chicago Bulls,3:30p,United Center,,119,124,2:06,
01/12/2025,New Orleans Pelicans,Boston Celtics,6:00p,TD Garden,,120,119,2:15,
01/12/2025,Indiana Pacers,Cleveland Cavaliers,6:00p,Rocket Arena,,93,108,2:08,
01/12/2025,Philadelphia 76ers,Orlando Magic,6:00p,Kia Center,,104,99,2:35,
01/12/2025,Oklahoma City Thunder,Washington Wizards,6:00p,Capital One Arena,,95,136,2:18,
01/12/2025,Brooklyn Nets,Utah Jazz,8:00p,Delta Center,OT,112,111,2:44,
01/12/2025,Charlotte Hornets,Phoenix Suns,9:00p,Footprint Center,,120,113,2:16,
01/13/2025,Minnesota Timberwolves,Washington Wizards,7:00p,Capital One Arena,,106,120,2:12,
01/13/2025,Detroit Pistons,New York Knicks,7:30p,Madison Square Garden (IV),,119,124,2:17,
01/13/2025,Golden State Warriors,Toronto Raptors,7:30p,Scotiabank Arena,,104,101,2:12,
01/13/2025,Memphis Grizzlies,Houston Rockets,8:00p,Toyota Center,,120,118,2:20,
01/13/2025,Miami Heat,Los Angeles Clippers,10:30p,Intuit Dome,,109,98,2:02,
01/13/2025,San Antonio Spurs,Los Angeles Lakers,10:30p,Crypto.com Arena,,102,126,2:14,
01/14/2025,Cleveland Cavaliers,Indiana Pacers,7:00p,Gainbridge Fieldhouse,,117,127,2:26,
01/14/2025,Oklahoma City Thunder,Philadelphia 76ers,7:00p,Wells Fargo Center,,102,118,2:05,
01/14/2025,Phoenix Suns,Atlanta Hawks,7:30p,State Farm Arena,,122,117,2:11,
01/14/2025,New Orleans Pelicans,Chicago Bulls,8:00p,United Center,,113,119,2:11,
01/14/2025,Sacramento Kings,Milwaukee Bucks,8:00p,Fiserv Forum,,130,115,2:08,
01/14/2025,Denver Nuggets,Dallas Mavericks,9:30p,American Airlines Center,,99,118,2:17,
01/14/2025,Brooklyn Nets,Portland Trail Blazers,10:00p,Moda Center,,114,132,2:13,
01/15/2025,New York Knicks,Philadelphia 76ers,7:00p,Wells Fargo Center,OT,119,125,2:34,
01/15/2025,Boston Celtics,Toronto Raptors,7:30p,Scotiabank Arena,,110,97,2:09,
01/15/2025,Atlanta Hawks,Chicago Bulls,8:00p,United Center,,94,110,2:06,
01/15/2025,Orlando Magic,Milwaukee Bucks,8:00p,Fiserv Forum,,122,93,2:13,
01/15/2025,Dallas Mavericks,New Orleans Pelicans,8:00p,Smoothie King Center,,119,116,2:13,
01/15/2025,Memphis Grizzlies,San Antonio Spurs,8:00p,Frost Bank Center,,115,129,2:08,
01/15/2025,Houston Rockets,Denver Nuggets,9:00p,Ball Arena,,108,128,2:07,
01/15/2025,Charlotte Hornets,Utah Jazz,9:00p,Delta Center,,112,117,2:09,
01/15/2025,Golden State Warriors,Minnesota Timberwolves,9:30p,Target Center,,115,116,2:34,
01/15/2025,Miami Heat,Los Angeles Lakers,10:00p,Crypto.com Arena,,117,108,2:03,
01/15/2025,Brooklyn Nets,Los Angeles Clippers,10:30p,Intuit Dome,,126,67,2:17,
01/16/2025,Indiana Pacers,Detroit Pistons,7:00p,Little Caesars Arena,,100,111,2:16,
01/16/2025,Phoenix Suns,Washington Wizards,7:00p,Capital One Arena,,123,130,2:19,
01/16/2025,Cleveland Cavaliers,Oklahoma City Thunder,7:30p,Paycom Center,,134,114,2:12,
01/16/2025,Los Angeles Clippers,Portland Trail Blazers,10:00p,Moda Center,,89,118,2:09,
01/16/2025,Houston Rockets,Sacramento Kings,10:00p,Golden 1 Center,,132,127,2:21,
01/17/2025,Orlando Magic,Boston Celtics,7:00p,TD Garden,,121,94,2:23,
01/17/2025,Minnesota Timberwolves,New York Knicks,7:30p,Madison Square Garden (IV),,99,116,2:07,
01/17/2025,Charlotte Hornets,Chicago Bulls,8:00p,United Center,,123,125,2:11,
01/17/2025,Denver Nuggets,Miami Heat,8:00p,Kaseya Center,,113,133,2:01,
01/17/2025,Toronto Raptors,Milwaukee Bucks,8:00p,Fiserv Forum,,130,112,2:17,
01/17/2025,Utah Jazz,New Orleans Pelicans,8:00p,Smoothie King Center,,136,123,2:23,
01/17/2025,Oklahoma City Thunder,Dallas Mavericks,8:30p,American Airlines Center,,106,98,2:31,
01/17/2025,Memphis Grizzlies,San Antonio Spurs,9:30p,Frost Bank Center,,112,140,2:19,
01/17/2025,Brooklyn Nets,Los Angeles Lakers,10:30p,Crypto.com Arena,,102,101,2:03,
01/18/2025,Phoenix Suns,Detroit Pistons,4:00p,Little Caesars Arena,,121,125,2:27,
01/18/2025,Atlanta Hawks,Boston Celtics,7:00p,TD Garden,OT,115,119,2:40,
01/18/2025,Philadelphia 76ers,Indiana Pacers,7:00p,Gainbridge Fieldhouse,,115,102,2:20,
01/18/2025,Washington Wizards,Golden State Warriors,8:30p,Chase Center,,122,114,2:21,
01/18/2025,Cleveland Cavaliers,Minnesota Timberwolves,9:00p,Target Center,,117,124,2:16,
01/18/2025,Houston Rockets,Portland Trail Blazers,10:00p,Moda Center,,103,125,2:05,
01/19/2025,San Antonio Spurs,Miami Heat,3:00p,Kaseya Center,,128,107,2:00,
01/19/2025,Denver Nuggets,Orlando Magic,6:00p,Kia Center,,100,113,2:13,
01/19/2025,Philadelphia 76ers,Milwaukee Bucks,7:00p,Fiserv Forum,,123,109,2:09,
01/19/2025,Brooklyn Nets,Oklahoma City Thunder,7:00p,Paycom Center,,127,101,2:03,
01/19/2025,Los Angeles Lakers,Los Angeles Clippers,9:00p,Intuit Dome,,116,102,2:07,
01/19/2025,Chicago Bulls,Portland Trail Blazers,9:00p,Moda Center,,113,102,2:18,
01/19/2025,Washington Wizards,Sacramento Kings,9:00p,Golden 1 Center,,123,100,2:15,
01/20/2025,Dallas Mavericks,Charlotte Hornets,12:00p,Spectrum Center,,110,105,2:21,
01/20/2025,Detroit Pistons,Houston Rockets,2:00p,Toyota Center,,96,107,2:04,
01/20/2025,Minnesota Timberwolves,Memphis Grizzlies,2:30p,FedEx Forum,,108,106,2:30,
01/20/2025,Atlanta Hawks,New York Knicks,3:00p,Madison Square Garden (IV),,119,110,2:24,
01/20/2025,Phoenix Suns,Cleveland Cavaliers,3:30p,Rocket Arena,,118,92,2:14,
01/20/2025,Boston Celtics,Golden State Warriors,5:00p,Chase Center,,85,125,2:06,
01/20/2025,Utah Jazz,New Orleans Pelicans,8:00p,Smoothie King Center,OT,123,119,2:30,
01/20/2025,Chicago Bulls,Los Angeles Clippers,10:30p,Intuit Dome,,99,112,2:15,
01/21/2025,New York Knicks,Brooklyn Nets,7:30p,Barclays Center,,95,99,2:26,
01/21/2025,Portland Trail Blazers,Miami Heat,7:30p,Kaseya Center,,107,116,2:08,
01/21/2025,Orlando Magic,Toronto Raptors,7:30p,Scotiabank Arena,,109,93,2:13,
01/21/2025,Philadelphia 76ers,Denver Nuggets,10:00p,Ball Arena,,144,109,2:12,
01/21/2025,Washington Wizards,Los Angeles Lakers,10:30p,Crypto.com Arena,,111,88,2:08,
01/22/2025,Detroit Pistons,Atlanta Hawks,7:30p,State Farm Arena,,104,114,2:07,
01/22/2025,Phoenix Suns,Brooklyn Nets,7:30p,Barclays Center,,84,108,2:03,
01/22/2025,Minnesota Timberwolves,Dallas Mavericks,7:30p,American Airlines Center,,114,115,2:30,
01/22/2025,Cleveland Cavaliers,Houston Rockets,8:00p,Toyota Center,,109,108,2:16,
01/22/2025,Charlotte Hornets,Memphis Grizzlies,8:00p,FedEx Forum,,132,120,2:14,
01/22/2025,Utah Jazz,Oklahoma City Thunder,8:00p,Paycom Center,,123,114,2:18,
01/22/2025,Golden State Warriors,Sacramento Kings,10:00p,Golden 1 Center,,123,117,2:22,
01/22/2025,Boston Celtics,Los Angeles Clippers,10:30p,Intuit Dome,OT,113,117,2:40,
01/23/2025,San Antonio Spurs,Indiana Pacers,2:00p,AccorHotels Arena,,110,140,2:02,
01/23/2025,Portland Trail Blazers,Orlando Magic,7:00p,Kia Center,,79,101,2:13,
01/23/2025,Toronto Raptors,Atlanta Hawks,7:30p,State Farm Arena,,119,122,2:15,
01/23/2025,Dallas Mavericks,Oklahoma City Thunder,8:00p,Paycom Center,,115,121,2:31,
01/23/2025,Miami Heat,Milwaukee Bucks,8:30p,Fiserv Forum,,125,96,2:16,
01/23/2025,Sacramento Kings,Denver Nuggets,9:00p,Ball Arena,,132,123,2:12,
01/23/2025,Chicago Bulls,Golden State Warriors,10:00p,Chase Center,,131,106,2:10,
01/23/2025,Boston Celtics,Los Angeles Lakers,10:00p,Crypto.com Arena,,117,96,2:08,
01/23/2025,Washington Wizards,Los Angeles Clippers,10:30p,Intuit Dome,,110,93,2:11,
01/24/2025,Portland Trail Blazers,Charlotte Hornets,7:00p,Spectrum Center,,97,102,2:20,
01/24/2025,Cleveland Cavaliers,Philadelphia 76ers,7:00p,Wells Fargo Center,,132,129,2:25,
01/24/2025,New Orleans Pelicans,Memphis Grizzlies,8:00p,FedEx Forum,,139,126,2:06,
01/25/2025,Indiana Pacers,San Antonio Spurs,12:00p,AccorHotels Arena,,98,136,2:22,
01/25/2025,Denver Nuggets,Minnesota Timberwolves,3:00p,Target Center,,133,104,2:10,
01/25/2025,Boston Celtics,Dallas Mavericks,5:30p,American Airlines Center,,107,122,2:27,
01/25/2025,Miami Heat,Brooklyn Nets,6:00p,Barclays Center,,97,106,2:49,
01/25/2025,New Orleans Pelicans,Charlotte Hornets,7:00p,Spectrum Center,,123,92,2:07,
01/25/2025,Detroit Pistons,Orlando Magic,7:00p,Kia Center,,121,113,2:45,
01/25/2025,Toronto Raptors,Atlanta Hawks,7:30p,State Farm Arena,,94,117,2:21,
01/25/2025,Houston Rockets,Cleveland Cavaliers,7:30p,Rocket Arena,,131,135,2:24,
01/25/2025,Sacramento Kings,New York Knicks,7:30p,Madison Square Garden (IV),,143,120,2:22,
01/25/2025,Philadelphia 76ers,Chicago Bulls,8:00p,United Center,,97,109,2:07,
01/25/2025,Utah Jazz,Memphis Grizzlies,8:00p,FedEx Forum,,125,103,2:20,
01/25/2025,Los Angeles Lakers,Golden State Warriors,8:30p,Chase Center,,108,118,2:16,
01/25/2025,Washington Wizards,Phoenix Suns,9:00p,Footprint Center,,119,109,2:07,
01/25/2025,Milwaukee Bucks,Los Angeles Clippers,10:30p,Intuit Dome,,127,117,2:22,
01/26/2025,Oklahoma City Thunder,Portland Trail Blazers,6:00p,Moda Center,,108,118,2:19,
01/27/2025,Los Angeles Lakers,Charlotte Hornets,7:00p,Spectrum Center,,107,112,2:16,
01/27/2025,Detroit Pistons,Cleveland Cavaliers,7:00p,Rocket Arena,,110,91,2:07,
01/27/2025,Houston Rockets,Boston Celtics,7:30p,TD Garden,,112,114,2:19,
01/27/2025,Sacramento Kings,Brooklyn Nets,7:30p,Barclays Center,,96,110,2:18,
01/27/2025,Orlando Magic,Miami Heat,7:30p,Kaseya Center,2OT,125,119,2:41,
01/27/2025,Memphis Grizzlies,New York Knicks,7:30p,Madison Square Garden (IV),,143,106,2:04,
01/27/2025,New Orleans Pelicans,Toronto Raptors,7:30p,Scotiabank Arena,,113,104,2:17,
01/27/2025,Denver Nuggets,Chicago Bulls,8:00p,United Center,,129,121,1:59,
01/27/2025,Atlanta Hawks,Minnesota Timberwolves,8:00p,Target Center,,100,92,2:20,
01/27/2025,Washington Wizards,Dallas Mavericks,8:30p,American Airlines Center,,130,108,1:59,
01/27/2025,Milwaukee Bucks,Utah Jazz,9:00p,Delta Center,,110,125,2:13,
01/27/2025,Los Angeles Clippers,Phoenix Suns,9:30p,Footprint Center,,111,109,2:12,
01/28/2025,Houston Rockets,Atlanta Hawks,7:30p,State Farm Arena,,96,100,2:15,
01/28/2025,Los Angeles Lakers,Philadelphia 76ers,7:30p,Wells Fargo Center,,118,104,2:18,
01/28/2025,Utah Jazz,Golden State Warriors,10:00p,Chase Center,,114,103,2:19,
01/28/2025,Milwaukee Bucks,Portland Trail Blazers,10:00p,Moda Center,,125,112,2:20,
01/29/2025,Brooklyn Nets,Charlotte Hornets,7:00p,Spectrum Center,,83,104,2:09,
01/29/2025,Detroit Pistons,Indiana Pacers,7:00p,Gainbridge Fieldhouse,,133,119,2:23,
01/29/2025,Toronto Raptors,Washington Wizards,7:00p,Capital One Arena,,82,106,2:19,
01/29/2025,Chicago Bulls,Boston Celtics,7:30p,TD Garden,,122,100,2:07,
01/29/2025,Cleveland Cavaliers,Miami Heat,7:30p,Kaseya Center,,106,126,2:00,
01/29/2025,Denver Nuggets,New York Knicks,7:30p,Madison Square Garden (IV),,122,112,2:20,
01/29/2025,Sacramento Kings,Philadelphia 76ers,7:30p,Wells Fargo Center,,117,104,2:08,
01/29/2025,Dallas Mavericks,New Orleans Pelicans,8:00p,Smoothie King Center,,136,137,2:14,
01/29/2025,Los Angeles Clippers,San Antonio Spurs,8:00p,Frost Bank Center,,116,128,2:09,
01/29/2025,Minnesota Timberwolves,Phoenix Suns,9:00p,Footprint Center,,113,121,2:25,
01/29/2025,Oklahoma City Thunder,Golden State Warriors,10:00p,Chase Center,,116,109,2:30,
01/30/2025,Atlanta Hawks,Cleveland Cavaliers,7:00p,Rocket Arena,,137,115,2:11,
01/30/2025,Los Angeles Lakers,Washington Wizards,7:00p,Capital One Arena,,96,134,2:14,
01/30/2025,Minnesota Timberwolves,Utah Jazz,9:00p,Delta Center,,113,138,2:12,
01/30/2025,Houston Rockets,Memphis Grizzlies,9:30p,FedEx Forum,,120,119,2:29,
01/30/2025,Orlando Magic,Portland Trail Blazers,10:00p,Moda Center,,119,90,2:19,
01/31/2025,Los Angeles Clippers,Charlotte Hornets,7:00p,Spectrum Center,,104,112,2:14,
01/31/2025,Dallas Mavericks,Detroit Pistons,7:00p,Little Caesars Arena,,117,102,2:06,
01/31/2025,Denver Nuggets,Philadelphia 76ers,7:30p,Wells Fargo Center,,134,137,2:19,
01/31/2025,Chicago Bulls,Toronto Raptors,7:30p,Scotiabank Arena,,106,122,2:06,
01/31/2025,Boston Celtics,New Orleans Pelicans,8:00p,Smoothie King Center,,116,118,2:16,
01/31/2025,Milwaukee Bucks,San Antonio Spurs,8:00p,Frost Bank Center,,144,118,2:21,
01/31/2025,Phoenix Suns,Golden State Warriors,10:00p,Chase Center,,105,130,,
02/1/2025,Atlanta Hawks,Indiana Pacers,5:00p,Gainbridge Fieldhouse,,132,127,2:28,
02/1/2025,Orlando Magic,Utah Jazz,5:00p,Delta Center,,113,99,2:16,
02/1/2025,Denver Nuggets,Charlotte Hornets,7:00p,Spectrum Center,,104,107,2:10,
02/1/2025,Brooklyn Nets,Houston Rockets,8:00p,Toyota Center,,98,110,2:12,
02/1/2025,Washington Wizards,Minnesota Timberwolves,8:00p,Target Center,,103,105,2:16,
02/1/2025,Sacramento Kings,Oklahoma City Thunder,8:00p,Paycom Center,,144,110,2:02,
02/1/2025,Los Angeles Lakers,New York Knicks,8:30p,Madison Square Garden (IV),,112,128,2:18,
02/1/2025,Miami Heat,San Antonio Spurs,8:30p,Frost Bank Center,,103,105,2:09,
02/1/2025,Phoenix Suns,Portland Trail Blazers,10:00p,Moda Center,,127,108,2:11,
02/2/2025,Chicago Bulls,Detroit Pistons,3:00p,Little Caesars Arena,,127,119,2:08,
02/2/2025,Dallas Mavericks,Cleveland Cavaliers,3:30p,Rocket Arena,,144,101,1:59,
02/2/2025,Los Angeles Clippers,Toronto Raptors,3:30p,Scotiabank Arena,,115,108,2:04,
02/2/2025,Boston Celtics,Philadelphia 76ers,6:00p,Wells Fargo Center,,110,118,2:22,
02/2/2025,Memphis Grizzlies,Milwaukee Bucks,8:30p,Fiserv Forum,,119,132,2:18,
02/3/2025,Washington Wizards,Charlotte Hornets,7:00p,Spectrum Center,,114,124,2:13,
02/3/2025,Atlanta Hawks,Detroit Pistons,7:00p,Little Caesars Arena,,130,132,2:28,
02/3/2025,Houston Rockets,New York Knicks,7:30p,Madison Square Garden (IV),,124,118,2:29,
02/3/2025,San Antonio Spurs,Memphis Grizzlies,8:00p,FedEx Forum,,128,109,2:48,
02/3/2025,Sacramento Kings,Minnesota Timberwolves,8:00p,Target Center,,114,116,2:16,
02/3/2025,Milwaukee Bucks,Oklahoma City Thunder,8:00p,Paycom Center,,125,96,2:00,
02/3/2025,New Orleans Pelicans,Denver Nuggets,9:00p,Ball Arena,,125,113,2:09,
02/3/2025,Indiana Pacers,Utah Jazz,9:00p,Delta Center,,111,112,2:23,
02/3/2025,Orlando Magic,Golden State Warriors,10:00p,Chase Center,,104,99,2:19,
02/3/2025,Phoenix Suns,Portland Trail Blazers,10:00p,Moda Center,OT,121,119,2:34,
02/4/2025,Dallas Mavericks,Philadelphia 76ers,7:00p,Wells Fargo Center,,118,116,2:17,
02/4/2025,Houston Rockets,Brooklyn Nets,7:30p,Barclays Center,,99,97,2:22,
02/4/2025,Boston Celtics,Cleveland Cavaliers,7:30p,Rocket Arena,,105,112,2:26,
02/4/2025,New York Knicks,Toronto Raptors,7:30p,Scotiabank Arena,,115,121,2:15,
02/4/2025,Miami Heat,Chicago Bulls,8:00p,United Center,,133,124,2:11,
02/4/2025,Los Angeles Lakers,Los Angeles Clippers,10:00p,Intuit Dome,,97,122,2:13,
02/4/2025,Indiana Pacers,Portland Trail Blazers,10:00p,Moda Center,,112,89,2:10,
02/5/2025,San Antonio Spurs,Atlanta Hawks,7:00p,State Farm Arena,,125,126,2:19,
02/5/2025,Milwaukee Bucks,Charlotte Hornets,7:00p,Spectrum Center,,102,112,2:00,
02/5/2025,Cleveland Cavaliers,Detroit Pistons,7:00p,Little Caesars Arena,,115,118,2:34,
02/5/2025,Washington Wizards,Brooklyn Nets,7:30p,Barclays Center,,102,119,2:11,
02/5/2025,Miami Heat,Philadelphia 76ers,7:30p,Wells Fargo Center,,101,108,2:18,
02/5/2025,Memphis Grizzlies,Toronto Raptors,7:30p,Scotiabank Arena,,107,138,2:13,
02/5/2025,Chicago Bulls,Minnesota Timberwolves,8:00p,Target Center,,127,108,2:17,
02/5/2025,New Orleans Pelicans,Denver Nuggets,9:00p,Ball Arena,,144,119,2:06,
02/5/2025,Golden State Warriors,Utah Jazz,9:00p,Delta Center,,131,128,2:27,
02/5/2025,Phoenix Suns,Oklahoma City Thunder,9:30p,Paycom Center,,140,109,2:19,
02/5/2025,Orlando Magic,Sacramento Kings,10:00p,Golden 1 Center,,111,130,2:13,
02/6/2025,Dallas Mavericks,Boston Celtics,7:30p,TD Garden,,120,127,2:09,
02/6/2025,Houston Rockets,Minnesota Timberwolves,8:00p,Target Center,,127,114,2:18,
02/6/2025,Orlando Magic,Denver Nuggets,9:00p,Ball Arena,,112,90,2:09,
02/6/2025,Golden State Warriors,Los Angeles Lakers,10:00p,Crypto.com Arena,,120,112,2:30,
02/6/2025,Sacramento Kings,Portland Trail Blazers,10:00p,Moda Center,,108,102,2:08,
02/6/2025,Indiana Pacers,Los Angeles Clippers,10:30p,Intuit Dome,,112,119,2:14,
02/7/2025,San Antonio Spurs,Charlotte Hornets,7:00p,Spectrum Center,,117,116,2:20,
02/7/2025,Cleveland Cavaliers,Washington Wizards,7:00p,Capital One Arena,,124,134,2:19,
02/7/2025,Milwaukee Bucks,Atlanta Hawks,7:30p,State Farm Arena,,115,110,2:11,
02/7/2025,Miami Heat,Brooklyn Nets,7:30p,Barclays Center,,102,86,2:11,
02/7/2025,Philadelphia 76ers,Detroit Pistons,7:30p,Little Caesars Arena,,125,112,2:29,
02/7/2025,Toronto Raptors,Oklahoma City Thunder,8:00p,Paycom Center,,121,109,2:18,
02/7/2025,Utah Jazz,Phoenix Suns,10:00p,Footprint Center,OT,135,127,2:24,
02/8/2025,Houston Rockets,Dallas Mavericks,3:00p,American Airlines Center,,116,105,2:25,
02/8/2025,Indiana Pacers,Los Angeles Lakers,4:00p,Crypto.com Arena,,124,117,2:37,
02/8/2025,San Antonio Spurs,Orlando Magic,7:00p,Kia Center,,112,111,2:11,
02/8/2025,Atlanta Hawks,Washington Wizards,7:00p,Capital One Arena,,111,125,2:08,
02/8/2025,Golden State Warriors,Chicago Bulls,8:00p,United Center,,111,132,2:22,
02/8/2025,Oklahoma City Thunder,Memphis Grizzlies,8:00p,FedEx Forum,,112,125,2:20,
02/8/2025,Portland Trail Blazers,Minnesota Timberwolves,8:00p,Target Center,,114,98,2:16,
02/8/2025,Boston Celtics,New York Knicks,8:30p,Madison Square Garden (IV),,104,131,2:13,
02/8/2025,Denver Nuggets,Phoenix Suns,9:00p,Footprint Center,,105,122,2:04,
02/8/2025,New Orleans Pelicans,Sacramento Kings,10:00p,Golden 1 Center,,123,118,2:25,
02/8/2025,Utah Jazz,Los Angeles Clippers,10:30p,Intuit Dome,,130,110,2:09,
02/9/2025,Charlotte Hornets,Detroit Pistons,1:00p,Little Caesars Arena,,112,102,2:15,
02/9/2025,Toronto Raptors,Houston Rockets,2:00p,Toyota Center,,94,87,2:18,
02/9/2025,Philadelphia 76ers,Milwaukee Bucks,2:00p,Fiserv Forum,,135,127,2:20,
02/10/2025,Minnesota Timberwolves,Cleveland Cavaliers,7:00p,Rocket Arena,,128,107,2:13,
02/10/2025,Atlanta Hawks,Orlando Magic,7:00p,Kia Center,,106,112,2:21,
02/10/2025,San Antonio Spurs,Washington Wizards,7:00p,Capital One Arena,,121,131,2:18,
02/10/2025,Charlotte Hornets,Brooklyn Nets,7:30p,Barclays Center,,97,89,2:14,
02/10/2025,Boston Celtics,Miami Heat,7:30p,Kaseya Center,,85,103,1:53,
02/10/2025,Golden State Warriors,Milwaukee Bucks,8:00p,Fiserv Forum,,111,125,2:23,
02/10/2025,New Orleans Pelicans,Oklahoma City Thunder,8:00p,Paycom Center,,137,101,2:09,
02/10/2025,Sacramento Kings,Dallas Mavericks,8:30p,American Airlines Center,OT,128,129,2:33,
02/10/2025,Portland Trail Blazers,Denver Nuggets,9:00p,Ball Arena,,146,117,2:10,
02/10/2025,Utah Jazz,Los Angeles Lakers,10:30p,Crypto.com Arena,,132,113,2:14,
02/11/2025,Toronto Raptors,Philadelphia 76ers,7:00p,Wells Fargo Center,,103,106,2:08,
02/11/2025,New York Knicks,Indiana Pacers,7:30p,Gainbridge Fieldhouse,,115,128,2:26,
02/11/2025,Detroit Pistons,Chicago Bulls,8:00p,United Center,,92,132,2:01,
02/11/2025,Memphis Grizzlies,Phoenix Suns,10:00p,Footprint Center,,112,119,2:30,
02/12/2025,San Antonio Spurs,Boston Celtics,7:00p,TD Garden,,116,103,2:06,
02/12/2025,Charlotte Hornets,Orlando Magic,7:00p,Kia Center,,102,86,2:04,
02/12/2025,Indiana Pacers,Washington Wizards,7:00p,Capital One Arena,OT,130,134,2:35,
02/12/2025,Philadelphia 76ers,Brooklyn Nets,7:30p,Barclays Center,,100,96,2:16,
02/12/2025,Atlanta Hawks,New York Knicks,7:30p,Madison Square Garden (IV),OT,149,148,2:54,
02/12/2025,Cleveland Cavaliers,Toronto Raptors,7:30p,Scotiabank Arena,,108,131,2:05,
02/12/2025,Detroit Pistons,Chicago Bulls,8:00p,United Center,,110,128,2:20,
02/12/2025,Milwaukee Bucks,Minnesota Timberwolves,8:00p,Target Center,,101,103,2:06,
02/12/2025,Sacramento Kings,New Orleans Pelicans,8:00p,Smoothie King Center,,111,119,2:14,
02/12/2025,Miami Heat,Oklahoma City Thunder,8:00p,Paycom Center,,115,101,2:10,
02/12/2025,Phoenix Suns,Houston Rockets,8:30p,Toyota Center,,119,111,2:06,
02/12/2025,Portland Trail Blazers,Denver Nuggets,9:00p,Ball Arena,,132,121,2:13,
02/12/2025,Los Angeles Lakers,Utah Jazz,9:00p,Delta Center,,131,119,2:11,
02/12/2025,Golden State Warriors,Dallas Mavericks,9:30p,American Airlines Center,,111,107,2:29,
02/12/2025,Memphis Grizzlies,Los Angeles Clippers,10:30p,Intuit Dome,,128,114,2:13,
02/13/2025,Golden State Warriors,Houston Rockets,8:00p,Toyota Center,,98,105,2:17,
02/13/2025,Sacramento Kings,New Orleans Pelicans,8:00p,Smoothie King Center,OT,140,133,2:39,
02/13/2025,Miami Heat,Dallas Mavericks,8:30p,American Airlines Center,,118,113,2:11,
02/13/2025,Oklahoma City Thunder,Minnesota Timberwolves,8:30p,Target Center,,116,101,2:20,
02/13/2025,Los Angeles Clippers,Utah Jazz,9:00p,Delta Center,OT,116,120,2:40,
02/19/2025,Charlotte Hornets,Los Angeles Lakers,10:00p,Crypto.com Arena,,97,100,2:15,
02/20/2025,Memphis Grizzlies,Indiana Pacers,7:00p,Gainbridge Fieldhouse,,127,113,2:13,
02/20/2025,Boston Celtics,Philadelphia 76ers,7:00p,Wells Fargo Center,,104,124,2:09,
02/20/2025,Orlando Magic,Atlanta Hawks,7:30p,State Farm Arena,,108,114,2:28,
02/20/2025,Cleveland Cavaliers,Brooklyn Nets,7:30p,Barclays Center,,97,110,2:19,
02/20/2025,Chicago Bulls,New York Knicks,7:30p,Madison Square Garden (IV),OT,113,111,2:22,
02/20/2025,Los Angeles Clippers,Milwaukee Bucks,8:00p,Fiserv Forum,,116,110,2:20,
02/20/2025,Charlotte Hornets,Denver Nuggets,9:00p,Ball Arena,,129,115,1:58,
02/20/2025,Phoenix Suns,San Antonio Spurs,9:30p,Moody Center,,120,109,2:25,
02/20/2025,Los Angeles Lakers,Portland Trail Blazers,10:00p,Moda Center,,102,110,2:21,
02/21/2025,New York Knicks,Cleveland Cavaliers,7:00p,Rocket Arena,,142,105,2:09,
02/21/2025,Memphis Grizzlies,Orlando Magic,7:00p,Kia Center,,104,105,2:26,
02/21/2025,Milwaukee Bucks,Washington Wizards,7:00p,Capital One Arena,,101,104,2:23,
02/21/2025,Miami Heat,Toronto Raptors,7:30p,Scotiabank Arena,OT,111,120,2:19,
02/21/2025,New Orleans Pelicans,Dallas Mavericks,8:30p,American Airlines Center,,111,103,2:15,
02/21/2025,Detroit Pistons,San Antonio Spurs,8:30p,Moody Center,,110,125,2:11,
02/21/2025,Minnesota Timberwolves,Houston Rockets,9:30p,Toyota Center,,121,115,2:33,
02/21/2025,Oklahoma City Thunder,Utah Jazz,9:30p,Delta Center,,107,130,2:03,
02/21/2025,Golden State Warriors,Sacramento Kings,10:00p,Golden 1 Center,,108,132,2:08,
02/22/2025,Phoenix Suns,Chicago Bulls,5:00p,United Center,,117,121,2:06,
02/22/2025,Brooklyn Nets,Philadelphia 76ers,7:30p,Wells Fargo Center,,103,105,2:14,
02/22/2025,Los Angeles Lakers,Denver Nuggets,8:30p,Ball Arena,,100,123,2:24,
02/22/2025,Houston Rockets,Utah Jazz,9:30p,Delta Center,,124,115,2:08,
02/22/2025,Charlotte Hornets,Portland Trail Blazers,10:00p,Moda Center,,141,88,2:04,
02/23/2025,New York Knicks,Boston Celtics,1:00p,TD Garden,,118,105,2:06,
02/23/2025,Dallas Mavericks,Golden State Warriors,3:30p,Chase Center,,126,102,2:15,
02/23/2025,Los Angeles Clippers,Indiana Pacers,5:00p,Gainbridge Fieldhouse,,129,111,2:19,
02/23/2025,Detroit Pistons,Atlanta Hawks,6:00p,State Farm Arena,,143,148,2:30,
02/23/2025,Miami Heat,Milwaukee Bucks,6:00p,Fiserv Forum,,120,113,2:18,
02/23/2025,Washington Wizards,Orlando Magic,6:00p,Kia Center,,110,90,2:20,
02/23/2025,Phoenix Suns,Toronto Raptors,6:00p,Scotiabank Arena,,127,109,2:15,
02/23/2025,Memphis Grizzlies,Cleveland Cavaliers,7:00p,Rocket Arena,,129,123,2:41,
02/23/2025,San Antonio Spurs,New Orleans Pelicans,7:00p,Smoothie King Center,,114,96,2:16,
02/23/2025,Oklahoma City Thunder,Minnesota Timberwolves,9:30p,Target Center,,123,130,2:25,
02/24/2025,Los Angeles Clippers,Detroit Pistons,7:00p,Little Caesars Arena,,106,97,2:25,
02/24/2025,Denver Nuggets,Indiana Pacers,7:00p,Gainbridge Fieldhouse,,116,125,2:09,
02/24/2025,Chicago Bulls,Philadelphia 76ers,7:00p,Wells Fargo Center,,110,142,2:20,
02/24/2025,Brooklyn Nets,Washington Wizards,7:00p,Capital One Arena,,107,99,2:34,
02/24/2025,Miami Heat,Atlanta Hawks,7:30p,State Farm Arena,,98,86,2:14,
02/24/2025,Minnesota Timberwolves,Oklahoma City Thunder,8:00p,Paycom Center,OT,128,131,2:35,
02/24/2025,Portland Trail Blazers,Utah Jazz,9:00p,Delta Center,,112,114,2:25,
02/24/2025,Charlotte Hornets,Sacramento Kings,10:00p,Golden 1 Center,,130,88,2:13,
02/25/2025,Boston Celtics,Toronto Raptors,7:00p,Scotiabank Arena,,101,111,2:02,
02/25/2025,Cleveland Cavaliers,Orlando Magic,7:30p,Kia Center,,82,122,2:07,
02/25/2025,Milwaukee Bucks,Houston Rockets,8:00p,Toyota Center,,100,97,2:14,
02/25/2025,Phoenix Suns,Memphis Grizzlies,8:00p,FedEx Forum,OT,151,148,2:38,
02/25/2025,San Antonio Spurs,New Orleans Pelicans,8:00p,Smoothie King Center,,109,103,2:20,
02/25/2025,Charlotte Hornets,Golden State Warriors,10:00p,Chase Center,,128,92,2:05,
02/25/2025,Dallas Mavericks,Los Angeles Lakers,10:00p,Crypto.com Arena,,107,99,2:16,
02/26/2025,Boston Celtics,Detroit Pistons,7:00p,Little Caesars Arena,,117,97,2:01,
02/26/2025,Toronto Raptors,Indiana Pacers,7:00p,Gainbridge Fieldhouse,,111,91,2:05,
02/26/2025,Philadelphia 76ers,New York Knicks,7:00p,Madison Square Garden (IV),,110,105,2:25,
02/26/2025,Portland Trail Blazers,Washington Wizards,7:00p,Capital One Arena,,121,129,2:29,
02/26/2025,Oklahoma City Thunder,Brooklyn Nets,7:30p,Barclays Center,,121,129,2:30,
02/26/2025,Atlanta Hawks,Miami Heat,7:30p,Kaseya Center,,131,109,2:02,
02/26/2025,Los Angeles Clippers,Chicago Bulls,8:00p,United Center,,117,122,2:04,
02/26/2025,Sacramento Kings,Utah Jazz,9:00p,Delta Center,,101,118,2:03,
02/26/2025,San Antonio Spurs,Houston Rockets,9:30p,Toyota Center,,118,106,2:11,
02/27/2025,Golden State Warriors,Orlando Magic,7:00p,Kia Center,,115,121,2:22,
02/27/2025,Denver Nuggets,Milwaukee Bucks,8:00p,Fiserv Forum,,121,112,2:15,
02/27/2025,Charlotte Hornets,Dallas Mavericks,8:30p,American Airlines Center,,103,96,2:08,
02/27/2025,New Orleans Pelicans,Phoenix Suns,9:00p,Footprint Center,,116,124,1:58,
02/27/2025,Minnesota Timberwolves,Los Angeles Lakers,10:30p,Crypto.com Arena,,111,102,2:28,
02/28/2025,Denver Nuggets,Detroit Pistons,7:00p,Little Caesars Arena,,119,134,2:14,
02/28/2025,Oklahoma City Thunder,Atlanta Hawks,7:30p,State Farm Arena,,119,135,2:04,
02/28/2025,Cleveland Cavaliers,Boston Celtics,7:30p,TD Garden,,116,123,2:15,
02/28/2025,Portland Trail Blazers,Brooklyn Nets,7:30p,Barclays Center,,102,121,2:20,
02/28/2025,Toronto Raptors,Chicago Bulls,8:00p,United Center,OT,125,115,2:34,
02/28/2025,New York Knicks,Memphis Grizzlies,8:00p,FedEx Forum,,113,114,2:18,
02/28/2025,Indiana Pacers,Miami Heat,8:00p,Kaseya Center,,125,120,2:07,
02/28/2025,New Orleans Pelicans,Phoenix Suns,9:00p,Footprint Center,,125,108,2:03,
02/28/2025,Minnesota Timberwolves,Utah Jazz,9:30p,Delta Center,,117,116,2:02,
02/28/2025,Los Angeles Clippers,Los Angeles Lakers,10:00p,Crypto.com Arena,,106,102,2:25,
03/1/2025,Washington Wizards,Charlotte Hornets,6:00p,Spectrum Center,,100,113,1:59,
03/1/2025,Brooklyn Nets,Detroit Pistons,7:00p,Little Caesars Arena,,115,94,2:23,
03/1/2025,Sacramento Kings,Houston Rockets,8:00p,Toyota Center,,103,113,2:10,
03/1/2025,San Antonio Spurs,Memphis Grizzlies,8:00p,FedEx Forum,,128,130,2:18,
03/1/2025,Milwaukee Bucks,Dallas Mavericks,8:30p,American Airlines Center,,117,132,2:16,
03/1/2025,Golden State Warriors,Philadelphia 76ers,8:30p,Wells Fargo Center,,126,119,2:30,
03/2/2025,Denver Nuggets,Boston Celtics,1:00p,TD Garden,,110,103,2:18,
03/2/2025,Portland Trail Blazers,Cleveland Cavaliers,3:30p,Rocket Arena,OT,133,129,2:51,
03/2/2025,Chicago Bulls,Indiana Pacers,5:00p,Gainbridge Fieldhouse,,127,112,2:05,
03/2/2025,New York Knicks,Miami Heat,6:00p,Kaseya Center,OT,112,116,2:32,
03/2/2025,Toronto Raptors,Orlando Magic,6:00p,Kia Center,,102,104,2:38,
03/2/2025,Oklahoma City Thunder,San Antonio Spurs,7:00p,Frost Bank Center,,132,146,2:21,
03/2/2025,New Orleans Pelicans,Utah Jazz,8:00p,Delta Center,,121,128,2:10,
03/2/2025,Los Angeles Clippers,Los Angeles Lakers,9:30p,Crypto.com Arena,,108,102,2:14,
03/2/2025,Minnesota Timberwolves,Phoenix Suns,9:30p,Footprint Center,,98,116,2:18,
03/3/2025,Golden State Warriors,Charlotte Hornets,7:00p,Spectrum Center,,101,119,2:24,
03/3/2025,Portland Trail Blazers,Philadelphia 76ers,7:00p,Wells Fargo Center,,102,119,2:01,
03/3/2025,Washington Wizards,Miami Heat,7:30p,Kaseya Center,,106,90,2:09,
03/3/2025,Atlanta Hawks,Memphis Grizzlies,8:00p,FedEx Forum,,130,132,2:13,
03/3/2025,Houston Rockets,Oklahoma City Thunder,8:00p,Paycom Center,,137,128,2:06,
03/3/2025,Sacramento Kings,Dallas Mavericks,8:30p,American Airlines Center,,98,122,2:05,
03/3/2025,Detroit Pistons,Utah Jazz,9:00p,Delta Center,,106,134,2:19,
03/4/2025,Houston Rockets,Indiana Pacers,7:00p,Gainbridge Fieldhouse,,115,102,2:09,
03/4/2025,Toronto Raptors,Orlando Magic,7:00p,Kia Center,,113,114,2:42,
03/4/2025,Milwaukee Bucks,Atlanta Hawks,7:30p,State Farm Arena,,121,127,2:12,
03/4/2025,Golden State Warriors,New York Knicks,7:30p,Madison Square Garden (IV),,102,114,2:22,
03/4/2025,Cleveland Cavaliers,Chicago Bulls,8:00p,United Center,,117,139,2:21,
03/4/2025,Philadelphia 76ers,Minnesota Timberwolves,8:00p,Target Center,,126,112,2:11,
03/4/2025,Brooklyn Nets,San Antonio Spurs,8:30p,Frost Bank Center,,127,113,2:05,
03/4/2025,Los Angeles Clippers,Phoenix Suns,10:00p,Footprint Center,,119,117,2:26,
03/4/2025,New Orleans Pelicans,Los Angeles Lakers,10:30p,Crypto.com Arena,,136,115,2:10,
03/5/2025,Portland Trail Blazers,Boston Celtics,7:00p,TD Garden,,128,118,2:05,
03/5/2025,Minnesota Timberwolves,Charlotte Hornets,7:00p,Spectrum Center,,110,125,2:10,
03/5/2025,Miami Heat,Cleveland Cavaliers,7:00p,Rocket Arena,,112,107,2:19,
03/5/2025,Utah Jazz,Washington Wizards,7:00p,Capital One Arena,,125,122,2:20,
03/5/2025,Dallas Mavericks,Milwaukee Bucks,8:00p,Fiserv Forum,,137,107,1:55,
03/5/2025,Sacramento Kings,Denver Nuggets,9:00p,Ball Arena,,116,110,2:18,
03/5/2025,Oklahoma City Thunder,Memphis Grizzlies,9:30p,FedEx Forum,,103,120,2:26,
03/5/2025,Detroit Pistons,Los Angeles Clippers,10:30p,Intuit Dome,,123,115,2:14,
03/6/2025,Chicago Bulls,Orlando Magic,7:00p,Kia Center,,123,125,2:37,
03/6/2025,Indiana Pacers,Atlanta Hawks,7:30p,State Farm Arena,,124,118,2:14,
03/6/2025,Philadelphia 76ers,Boston Celtics,7:30p,TD Garden,,123,105,2:12,
03/6/2025,Golden State Warriors,Brooklyn Nets,7:30p,Barclays Center,,119,121,2:30,
03/6/2025,Houston Rockets,New Orleans Pelicans,8:00p,Smoothie King Center,,97,109,2:21,
03/6/2025,New York Knicks,Los Angeles Lakers,10:00p,Crypto.com Arena,OT,113,109,2:52,
03/7/2025,Cleveland Cavaliers,Charlotte Hornets,7:00p,Spectrum Center,,117,118,2:34,
03/7/2025,Memphis Grizzlies,Dallas Mavericks,7:30p,American Airlines Center,,111,122,2:12,
03/7/2025,Utah Jazz,Toronto Raptors,7:30p,Scotiabank Arena,,118,109,2:19,
03/7/2025,Minnesota Timberwolves,Miami Heat,8:00p,Kaseya Center,,104,106,2:11,
03/7/2025,Portland Trail Blazers,Oklahoma City Thunder,8:00p,Paycom Center,,107,89,2:07,
03/7/2025,Phoenix Suns,Denver Nuggets,10:00p,Ball Arena,OT,149,141,2:34,
03/7/2025,San Antonio Spurs,Sacramento Kings,10:00p,Golden 1 Center,,127,109,2:12,
03/7/2025,New York Knicks,Los Angeles Clippers,10:30p,Intuit Dome,,105,95,2:12,
03/8/2025,Brooklyn Nets,Charlotte Hornets,6:00p,Spectrum Center,,105,102,2:11,
03/8/2025,New Orleans Pelicans,Houston Rockets,7:00p,Toyota Center,,146,117,2:06,
03/8/2025,Indiana Pacers,Atlanta Hawks,7:30p,State Farm Arena,,120,118,2:32,
03/8/2025,Washington Wizards,Toronto Raptors,7:30p,Scotiabank Arena,,117,118,2:19,
03/8/2025,Chicago Bulls,Miami Heat,8:00p,Kaseya Center,,109,114,2:13,
03/8/2025,Orlando Magic,Milwaukee Bucks,8:00p,Fiserv Forum,,109,111,2:27,
03/8/2025,Los Angeles Lakers,Boston Celtics,8:30p,TD Garden,,111,101,2:18,
03/8/2025,Detroit Pistons,Golden State Warriors,8:30p,Chase Center,,115,110,2:44,
03/9/2025,Denver Nuggets,Oklahoma City Thunder,1:00p,Paycom Center,,127,103,2:17,
03/9/2025,Phoenix Suns,Dallas Mavericks,3:30p,American Airlines Center,,116,125,2:05,
03/9/2025,Memphis Grizzlies,New Orleans Pelicans,7:00p,Smoothie King Center,,104,107,2:20,
03/9/2025,Utah Jazz,Philadelphia 76ers,7:30p,Wells Fargo Center,,126,122,2:20,
03/9/2025,Cleveland Cavaliers,Milwaukee Bucks,8:00p,Fiserv Forum,,100,112,2:12,
03/9/2025,San Antonio Spurs,Minnesota Timberwolves,8:00p,Target Center,,141,124,2:07,
03/9/2025,Detroit Pistons,Portland Trail Blazers,9:00p,Moda Center,,112,119,2:22,
03/9/2025,Sacramento Kings,Los Angeles Clippers,9:30p,Intuit Dome,OT,111,110,2:37,
03/10/2025,Philadelphia 76ers,Atlanta Hawks,7:30p,State Farm Arena,,132,123,2:12,
03/10/2025,Utah Jazz,Boston Celtics,7:30p,TD Garden,,114,108,2:07,
03/10/2025,Los Angeles Lakers,Brooklyn Nets,7:30p,Barclays Center,,111,108,2:18,
03/10/2025,Charlotte Hornets,Miami Heat,7:30p,Kaseya Center,,102,105,2:15,
03/10/2025,Washington Wizards,Toronto Raptors,7:30p,Scotiabank Arena,,119,104,2:06,
03/10/2025,Indiana Pacers,Chicago Bulls,8:00p,United Center,,121,103,2:09,
03/10/2025,Orlando Magic,Houston Rockets,8:00p,Toyota Center,,97,84,2:14,
03/10/2025,Phoenix Suns,Memphis Grizzlies,8:00p,FedEx Forum,,120,118,2:33,
03/10/2025,Denver Nuggets,Oklahoma City Thunder,8:00p,Paycom Center,,127,140,2:09,
03/10/2025,Dallas Mavericks,San Antonio Spurs,8:30p,Frost Bank Center,,129,133,2:16,
03/10/2025,Portland Trail Blazers,Golden State Warriors,10:00p,Chase Center,,130,120,2:12,
03/10/2025,New York Knicks,Sacramento Kings,10:30p,Golden 1 Center,,104,133,2:22,
03/11/2025,Brooklyn Nets,Cleveland Cavaliers,7:00p,Rocket Arena,,,,,
03/11/2025,Washington Wizards,Detroit Pistons,7:00p,Little Caesars Arena,,,,,
03/11/2025,Milwaukee Bucks,Indiana Pacers,7:30p,Gainbridge Fieldhouse,,,,,
03/11/2025,Los Angeles Clippers,New Orleans Pelicans,8:00p,Smoothie King Center,,,,,
03/12/2025,Charlotte Hornets,Atlanta Hawks,7:30p,State Farm Arena,,,,,
03/12/2025,Oklahoma City Thunder,Boston Celtics,7:30p,TD Garden,,,,,
03/12/2025,Philadelphia 76ers,Toronto Raptors,7:30p,Scotiabank Arena,,,,,
03/12/2025,Phoenix Suns,Houston Rockets,8:00p,Toyota Center,,,,,
03/12/2025,Utah Jazz,Memphis Grizzlies,8:00p,FedEx Forum,,,,,
03/12/2025,Los Angeles Clippers,Miami Heat,8:00p,Kaseya Center,,,,,
03/12/2025,Dallas Mavericks,San Antonio Spurs,8:00p,Frost Bank Center,,,,,
03/12/2025,Minnesota Timberwolves,Denver Nuggets,10:00p,Ball Arena,,,,,
03/12/2025,New York Knicks,Portland Trail Blazers,10:00p,Moda Center,,,,,
03/13/2025,Washington Wizards,Detroit Pistons,7:00p,Little Caesars Arena,,,,,
03/13/2025,Los Angeles Lakers,Milwaukee Bucks,7:30p,Fiserv Forum,,,,,
03/13/2025,Brooklyn Nets,Chicago Bulls,8:00p,United Center,,,,,
03/13/2025,Orlando Magic,New Orleans Pelicans,8:00p,Smoothie King Center,,,,,
03/13/2025,Sacramento Kings,Golden State Warriors,10:00p,Chase Center,,,,,
03/14/2025,Boston Celtics,Miami Heat,7:00p,Kaseya Center,,,,,
03/14/2025,Indiana Pacers,Philadelphia 76ers,7:00p,Wells Fargo Center,,,,,
03/14/2025,Los Angeles Clippers,Atlanta Hawks,7:30p,State Farm Arena,,,,,
03/14/2025,Dallas Mavericks,Houston Rockets,8:00p,Toyota Center,,,,,
03/14/2025,Cleveland Cavaliers,Memphis Grizzlies,8:00p,FedEx Forum,,,,,
03/14/2025,Orlando Magic,Minnesota Timberwolves,8:00p,Target Center,,,,,
03/14/2025,Charlotte Hornets,San Antonio Spurs,8:00p,Frost Bank Center,,,,,
03/14/2025,Los Angeles Lakers,Denver Nuggets,9:30p,Ball Arena,,,,,
03/14/2025,Toronto Raptors,Utah Jazz,9:30p,Delta Center,,,,,
03/14/2025,Sacramento Kings,Phoenix Suns,10:00p,Footprint Center,,,,,
03/15/2025,Boston Celtics,Brooklyn Nets,6:00p,Barclays Center,,,,,
03/15/2025,Oklahoma City Thunder,Detroit Pistons,7:00p,Little Caesars Arena,,,,,
03/15/2025,Chicago Bulls,Houston Rockets,8:00p,Toyota Center,,,,,
03/15/2025,Miami Heat,Memphis Grizzlies,8:00p,FedEx Forum,,,,,
03/15/2025,Indiana Pacers,Milwaukee Bucks,8:00p,Fiserv Forum,,,,,
03/15/2025,New York Knicks,Golden State Warriors,8:30p,Chase Center,,,,,
03/15/2025,New Orleans Pelicans,San Antonio Spurs,8:30p,Frost Bank Center,,,,,
03/15/2025,Washington Wizards,Denver Nuggets,9:00p,Ball Arena,,,,,
03/16/2025,Orlando Magic,Cleveland Cavaliers,1:00p,Rocket Arena,,,,,
03/16/2025,Philadelphia 76ers,Dallas Mavericks,1:00p,American Airlines Center,,,,,
03/16/2025,Phoenix Suns,Los Angeles Lakers,3:30p,Crypto.com Arena,,,,,
03/16/2025,Atlanta Hawks,Brooklyn Nets,6:00p,Barclays Center,,,,,
03/16/2025,Toronto Raptors,Portland Trail Blazers,6:00p,Moda Center,,,,,
03/16/2025,Charlotte Hornets,Los Angeles Clippers,7:00p,Intuit Dome,,,,,
03/16/2025,Utah Jazz,Minnesota Timberwolves,7:00p,Target Center,,,,,
03/16/2025,Oklahoma City Thunder,Milwaukee Bucks,9:00p,Fiserv Forum,,,,,
03/17/2025,Miami Heat,New York Knicks,7:30p,Madison Square Garden (IV),,,,,
03/17/2025,Philadelphia 76ers,Houston Rockets,8:00p,Toyota Center,,,,,
03/17/2025,Indiana Pacers,Minnesota Timberwolves,8:00p,Target Center,,,,,
03/17/2025,Detroit Pistons,New Orleans Pelicans,8:00p,Smoothie King Center,,,,,
03/17/2025,Chicago Bulls,Utah Jazz,9:00p,Delta Center,,,,,
03/17/2025,Denver Nuggets,Golden State Warriors,10:00p,Chase Center,,,,,
03/17/2025,Toronto Raptors,Phoenix Suns,10:00p,Footprint Center,,,,,
03/17/2025,Washington Wizards,Portland Trail Blazers,10:00p,Moda Center,,,,,
03/17/2025,Memphis Grizzlies,Sacramento Kings,10:00p,Golden 1 Center,,,,,
03/17/2025,San Antonio Spurs,Los Angeles Lakers,10:30p,Crypto.com Arena,,,,,
03/18/2025,Atlanta Hawks,Charlotte Hornets,7:00p,Spectrum Center,,,,,
03/18/2025,Brooklyn Nets,Boston Celtics,7:30p,TD Garden,,,,,
03/18/2025,Milwaukee Bucks,Golden State Warriors,10:00p,Chase Center,,,,,
03/18/2025,Cleveland Cavaliers,Los Angeles Clippers,10:30p,Intuit Dome,,,,,
03/19/2025,Dallas Mavericks,Indiana Pacers,7:00p,Gainbridge Fieldhouse,,,,,
03/19/2025,Houston Rockets,Orlando Magic,7:00p,Kia Center,,,,,
03/19/2025,Detroit Pistons,Miami Heat,7:30p,Kaseya Center,,,,,
03/19/2025,New Orleans Pelicans,Minnesota Timberwolves,7:30p,Target Center,,,,,
03/19/2025,Philadelphia 76ers,Oklahoma City Thunder,8:00p,Paycom Center,,,,,
03/19/2025,New York Knicks,San Antonio Spurs,8:00p,Frost Bank Center,,,,,
03/19/2025,Washington Wizards,Utah Jazz,9:00p,Delta Center,,,,,
03/19/2025,Denver Nuggets,Los Angeles Lakers,10:00p,Crypto.com Arena,,,,,
03/19/2025,Chicago Bulls,Phoenix Suns,10:00p,Footprint Center,,,,,
03/19/2025,Memphis Grizzlies,Portland Trail Blazers,10:00p,Moda Center,,,,,
03/19/2025,Cleveland Cavaliers,Sacramento Kings,10:00p,Golden 1 Center,,,,,
03/20/2025,New York Knicks,Charlotte Hornets,7:00p,Spectrum Center,,,,,
03/20/2025,Brooklyn Nets,Indiana Pacers,7:00p,Gainbridge Fieldhouse,,,,,
03/20/2025,Toronto Raptors,Golden State Warriors,10:00p,Chase Center,,,,,
03/20/2025,Chicago Bulls,Sacramento Kings,10:00p,Golden 1 Center,,,,,
03/20/2025,Milwaukee Bucks,Los Angeles Lakers,10:30p,Crypto.com Arena,,,,,
03/21/2025,Orlando Magic,Washington Wizards,7:00p,Capital One Arena,,,,,
03/21/2025,Houston Rockets,Miami Heat,8:00p,Kaseya Center,,,,,
03/21/2025,New Orleans Pelicans,Minnesota Timberwolves,8:00p,Target Center,,,,,
03/21/2025,Charlotte Hornets,Oklahoma City Thunder,8:00p,Paycom Center,,,,,
03/21/2025,Philadelphia 76ers,San Antonio Spurs,8:00p,Frost Bank Center,,,,,
03/21/2025,Detroit Pistons,Dallas Mavericks,8:30p,American Airlines Center,,,,,
03/21/2025,Boston Celtics,Utah Jazz,9:30p,Delta Center,,,,,
03/21/2025,Cleveland Cavaliers,Phoenix Suns,10:00p,Footprint Center,,,,,
03/21/2025,Denver Nuggets,Portland Trail Blazers,10:00p,Moda Center,,,,,
03/21/2025,Memphis Grizzlies,Los Angeles Clippers,10:30p,Intuit Dome,,,,,
03/22/2025,Brooklyn Nets,Indiana Pacers,5:00p,Gainbridge Fieldhouse,,,,,
03/22/2025,Golden State Warriors,Atlanta Hawks,7:00p,State Farm Arena,,,,,
03/22/2025,Washington Wizards,New York Knicks,8:00p,Madison Square Garden (IV),,,,,
03/22/2025,Milwaukee Bucks,Sacramento Kings,10:00p,Golden 1 Center,,,,,
03/22/2025,Chicago Bulls,Los Angeles Lakers,10:30p,Crypto.com Arena,,,,,
03/23/2025,New Orleans Pelicans,Detroit Pistons,3:00p,Little Caesars Arena,,,,,
03/23/2025,Cleveland Cavaliers,Utah Jazz,3:30p,Delta Center,,,,,
03/23/2025,Philadelphia 76ers,Atlanta Hawks,6:00p,State Farm Arena,,,,,
03/23/2025,Charlotte Hornets,Miami Heat,6:00p,Kaseya Center,,,,,
03/23/2025,Boston Celtics,Portland Trail Blazers,6:00p,Moda Center,,,,,
03/23/2025,San Antonio Spurs,Toronto Raptors,6:00p,Scotiabank Arena,,,,,
03/23/2025,Denver Nuggets,Houston Rockets,7:00p,Toyota Center,,,,,
03/23/2025,Oklahoma City Thunder,Los Angeles Clippers,9:00p,Intuit Dome,,,,,
03/24/2025,Minnesota Timberwolves,Indiana Pacers,7:00p,Gainbridge Fieldhouse,,,,,
03/24/2025,Los Angeles Lakers,Orlando Magic,7:00p,Kia Center,,,,,
03/24/2025,Toronto Raptors,Washington Wizards,7:00p,Capital One Arena,,,,,
03/24/2025,Dallas Mavericks,Brooklyn Nets,7:30p,Barclays Center,,,,,
03/24/2025,Philadelphia 76ers,New Orleans Pelicans,8:00p,Smoothie King Center,,,,,
03/24/2025,Chicago Bulls,Denver Nuggets,9:00p,Ball Arena,,,,,
03/24/2025,Milwaukee Bucks,Phoenix Suns,10:00p,Footprint Center,,,,,
03/24/2025,Boston Celtics,Sacramento Kings,10:00p,Golden 1 Center,,,,,
03/25/2025,Orlando Magic,Charlotte Hornets,7:00p,Spectrum Center,,,,,
03/25/2025,San Antonio Spurs,Detroit Pistons,7:00p,Little Caesars Arena,,,,,
03/25/2025,Golden State Warriors,Miami Heat,7:30p,Kaseya Center,,,,,
03/25/2025,Dallas Mavericks,New York Knicks,7:30p,Madison Square Garden (IV),,,,,
03/25/2025,Atlanta Hawks,Houston Rockets,8:00p,Toyota Center,,,,,
03/25/2025,Memphis Grizzlies,Utah Jazz,9:00p,Delta Center,,,,,
03/25/2025,Cleveland Cavaliers,Portland Trail Blazers,10:00p,Moda Center,,,,,
03/25/2025,Oklahoma City Thunder,Sacramento Kings,10:00p,Golden 1 Center,,,,,
03/26/2025,Washington Wizards,Philadelphia 76ers,7:00p,Wells Fargo Center,,,,,
03/26/2025,Toronto Raptors,Brooklyn Nets,7:30p,Barclays Center,,,,,
03/26/2025,Los Angeles Lakers,Indiana Pacers,7:30p,Gainbridge Fieldhouse,,,,,
03/26/2025,Los Angeles Clippers,New York Knicks,7:30p,Madison Square Garden (IV),,,,,
03/26/2025,Milwaukee Bucks,Denver Nuggets,9:00p,Ball Arena,,,,,
03/26/2025,Boston Celtics,Phoenix Suns,10:00p,Footprint Center,,,,,
03/27/2025,San Antonio Spurs,Cleveland Cavaliers,7:00p,Rocket Arena,,,,,
03/27/2025,Dallas Mavericks,Orlando Magic,7:00p,Kia Center,,,,,
03/27/2025,Indiana Pacers,Washington Wizards,7:00p,Capital One Arena,,,,,
03/27/2025,Atlanta Hawks,Miami Heat,7:30p,Kaseya Center,,,,,
03/27/2025,Los Angeles Lakers,Chicago Bulls,8:00p,United Center,,,,,
03/27/2025,Memphis Grizzlies,Oklahoma City Thunder,8:00p,Paycom Center,,,,,
03/27/2025,Houston Rockets,Utah Jazz,9:00p,Delta Center,,,,,
03/27/2025,Portland Trail Blazers,Sacramento Kings,10:00p,Golden 1 Center,,,,,
03/28/2025,Cleveland Cavaliers,Detroit Pistons,7:00p,Little Caesars Arena,,,,,
03/28/2025,Los Angeles Clippers,Brooklyn Nets,7:30p,Barclays Center,,,,,
03/28/2025,Charlotte Hornets,Toronto Raptors,7:30p,Scotiabank Arena,,,,,
03/28/2025,New York Knicks,Milwaukee Bucks,8:00p,Fiserv Forum,,,,,
03/28/2025,Phoenix Suns,Minnesota Timberwolves,8:00p,Target Center,,,,,
03/28/2025,Golden State Warriors,New Orleans Pelicans,8:00p,Smoothie King Center,,,,,
03/28/2025,Utah Jazz,Denver Nuggets,9:00p,Ball Arena,,,,,
03/29/2025,Sacramento Kings,Orlando Magic,5:00p,Kia Center,,,,,
03/29/2025,Brooklyn Nets,Washington Wizards,7:00p,Capital One Arena,,,,,
03/29/2025,Miami Heat,Philadelphia 76ers,7:30p,Wells Fargo Center,,,,,
03/29/2025,Dallas Mavericks,Chicago Bulls,8:00p,United Center,,,,,
03/29/2025,Los Angeles Lakers,Memphis Grizzlies,8:00p,FedEx Forum,,,,,
03/29/2025,Indiana Pacers,Oklahoma City Thunder,8:00p,Paycom Center,,,,,
03/29/2025,Boston Celtics,San Antonio Spurs,8:00p,Frost Bank Center,,,,,
03/30/2025,Los Angeles Clippers,Cleveland Cavaliers,3:30p,Rocket Arena,,,,,
03/30/2025,Portland Trail Blazers,New York Knicks,6:00p,Madison Square Garden (IV),,,,,
03/30/2025,Atlanta Hawks,Milwaukee Bucks,7:00p,Fiserv Forum,,,,,
03/30/2025,Detroit Pistons,Minnesota Timberwolves,7:00p,Target Center,,,,,
03/30/2025,Charlotte Hornets,New Orleans Pelicans,7:00p,Smoothie King Center,,,,,
03/30/2025,Golden State Warriors,San Antonio Spurs,7:00p,Frost Bank Center,,,,,
03/30/2025,Toronto Raptors,Philadelphia 76ers,7:30p,Wells Fargo Center,,,,,
03/30/2025,Houston Rockets,Phoenix Suns,9:00p,Footprint Center,,,,,
03/31/2025,Utah Jazz,Charlotte Hornets,7:00p,Spectrum Center,,,,,
03/31/2025,Sacramento Kings,Indiana Pacers,7:00p,Gainbridge Fieldhouse,,,,,
03/31/2025,Los Angeles Clippers,Orlando Magic,7:00p,Kia Center,,,,,
03/31/2025,Miami Heat,Washington Wizards,7:00p,Capital One Arena,,,,,
03/31/2025,Boston Celtics,Memphis Grizzlies,7:30p,FedEx Forum,,,,,
03/31/2025,Chicago Bulls,Oklahoma City Thunder,8:00p,Paycom Center,,,,,
03/31/2025,Brooklyn Nets,Dallas Mavericks,8:30p,American Airlines Center,,,,,
03/31/2025,Houston Rockets,Los Angeles Lakers,10:00p,Crypto.com Arena,,,,,
04/1/2025,Portland Trail Blazers,Atlanta Hawks,7:30p,State Farm Arena,,,,,
04/1/2025,Philadelphia 76ers,New York Knicks,7:30p,Madison Square Garden (IV),,,,,
04/1/2025,Toronto Raptors,Chicago Bulls,8:00p,United Center,,,,,
04/1/2025,Golden State Warriors,Memphis Grizzlies,8:00p,FedEx Forum,,,,,
04/1/2025,Phoenix Suns,Milwaukee Bucks,8:00p,Fiserv Forum,,,,,
04/1/2025,Orlando Magic,San Antonio Spurs,8:00p,Frost Bank Center,,,,,
04/1/2025,Minnesota Timberwolves,Denver Nuggets,10:00p,Ball Arena,,,,,
04/2/2025,New York Knicks,Cleveland Cavaliers,7:00p,Rocket Arena,,,,,
04/2/2025,Charlotte Hornets,Indiana Pacers,7:00p,Gainbridge Fieldhouse,,,,,
04/2/2025,Sacramento Kings,Washington Wizards,7:00p,Capital One Arena,,,,,
04/2/2025,Miami Heat,Boston Celtics,7:30p,TD Garden,,,,,
04/2/2025,Utah Jazz,Houston Rockets,8:00p,Toyota Center,,,,,
04/2/2025,Detroit Pistons,Oklahoma City Thunder,8:00p,Paycom Center,,,,,
04/2/2025,Atlanta Hawks,Dallas Mavericks,8:30p,American Airlines Center,,,,,
04/2/2025,San Antonio Spurs,Denver Nuggets,9:00p,Ball Arena,,,,,
04/2/2025,New Orleans Pelicans,Los Angeles Clippers,10:00p,Intuit Dome,,,,,
04/3/2025,Orlando Magic,Washington Wizards,7:00p,Capital One Arena,,,,,
04/3/2025,Minnesota Timberwolves,Brooklyn Nets,7:30p,Barclays Center,,,,,
04/3/2025,Memphis Grizzlies,Miami Heat,7:30p,Kaseya Center,,,,,
04/3/2025,Milwaukee Bucks,Philadelphia 76ers,7:30p,Wells Fargo Center,,,,,
04/3/2025,Portland Trail Blazers,Toronto Raptors,7:30p,Scotiabank Arena,,,,,
04/3/2025,Golden State Warriors,Los Angeles Lakers,10:00p,Crypto.com Arena,,,,,
04/4/2025,Sacramento Kings,Charlotte Hornets,7:00p,Spectrum Center,,,,,
04/4/2025,Utah Jazz,Indiana Pacers,7:00p,Gainbridge Fieldhouse,,,,,
04/4/2025,Phoenix Suns,Boston Celtics,7:30p,TD Garden,,,,,
04/4/2025,Detroit Pistons,Toronto Raptors,7:30p,Scotiabank Arena,,,,,
04/4/2025,Portland Trail Blazers,Chicago Bulls,8:00p,United Center,,,,,
04/4/2025,Oklahoma City Thunder,Houston Rockets,8:00p,Toyota Center,,,,,
04/4/2025,Cleveland Cavaliers,San Antonio Spurs,8:00p,Frost Bank Center,,,,,
04/4/2025,Denver Nuggets,Golden State Warriors,10:00p,Chase Center,,,,,
04/4/2025,Dallas Mavericks,Los Angeles Clippers,10:30p,Intuit Dome,,,,,
04/4/2025,New Orleans Pelicans,Los Angeles Lakers,10:30p,Crypto.com Arena,,,,,
04/5/2025,New York Knicks,Atlanta Hawks,3:00p,State Farm Arena,,,,,
04/5/2025,Memphis Grizzlies,Detroit Pistons,7:00p,Little Caesars Arena,,,,,
04/5/2025,Minnesota Timberwolves,Philadelphia 76ers,7:00p,Wells Fargo Center,,,,,
04/5/2025,Milwaukee Bucks,Miami Heat,8:00p,Kaseya Center,,,,,
04/5/2025,Dallas Mavericks,Los Angeles Clippers,10:30p,Intuit Dome,,,,,
04/6/2025,Chicago Bulls,Charlotte Hornets,1:00p,Spectrum Center,,,,,
04/6/2025,Toronto Raptors,Brooklyn Nets,3:30p,Barclays Center,,,,,
04/6/2025,Los Angeles Lakers,Oklahoma City Thunder,3:30p,Paycom Center,,,,,
04/6/2025,Utah Jazz,Atlanta Hawks,6:00p,State Farm Arena,,,,,
04/6/2025,Washington Wizards,Boston Celtics,6:00p,TD Garden,,,,,
04/6/2025,Sacramento Kings,Cleveland Cavaliers,6:00p,Rocket Arena,,,,,
04/6/2025,San Antonio Spurs,Portland Trail Blazers,6:00p,Moda Center,,,,,
04/6/2025,Phoenix Suns,New York Knicks,7:00p,Madison Square Garden (IV),,,,,
04/6/2025,Indiana Pacers,Denver Nuggets,8:00p,Ball Arena,,,,,
04/6/2025,Houston Rockets,Golden State Warriors,8:30p,Chase Center,,,,,
04/6/2025,Milwaukee Bucks,New Orleans Pelicans,8:30p,Smoothie King Center,,,,,
04/7/2025,Sacramento Kings,Detroit Pistons,7:00p,Little Caesars Arena,,,,,
04/7/2025,Philadelphia 76ers,Miami Heat,7:30p,Kaseya Center,,,,,
04/8/2025,Memphis Grizzlies,Charlotte Hornets,7:00p,Spectrum Center,,,,,
04/8/2025,Chicago Bulls,Cleveland Cavaliers,7:00p,Rocket Arena,,,,,
04/8/2025,Washington Wizards,Indiana Pacers,7:00p,Gainbridge Fieldhouse,,,,,
04/8/2025,Atlanta Hawks,Orlando Magic,7:00p,Kia Center,,,,,
04/8/2025,New Orleans Pelicans,Brooklyn Nets,7:30p,Barclays Center,,,,,
04/8/2025,Boston Celtics,New York Knicks,7:30p,Madison Square Garden (IV),,,,,
04/8/2025,Minnesota Timberwolves,Milwaukee Bucks,8:00p,Fiserv Forum,,,,,
04/8/2025,Los Angeles Lakers,Oklahoma City Thunder,8:00p,Paycom Center,,,,,
04/8/2025,Golden State Warriors,Phoenix Suns,10:00p,Footprint Center,,,,,
04/8/2025,San Antonio Spurs,Los Angeles Clippers,10:30p,Intuit Dome,,,,,
04/9/2025,Boston Celtics,Orlando Magic,7:00p,Kia Center,,,,,
04/9/2025,Philadelphia 76ers,Washington Wizards,7:00p,Capital One Arena,,,,,
04/9/2025,Los Angeles Lakers,Dallas Mavericks,7:30p,American Airlines Center,,,,,
04/9/2025,Charlotte Hornets,Toronto Raptors,7:30p,Scotiabank Arena,,,,,
04/9/2025,Miami Heat,Chicago Bulls,8:00p,United Center,,,,,
04/9/2025,Portland Trail Blazers,Utah Jazz,9:00p,Delta Center,,,,,
04/9/2025,San Antonio Spurs,Golden State Warriors,10:00p,Chase Center,,,,,
04/9/2025,Oklahoma City Thunder,Phoenix Suns,10:00p,Footprint Center,,,,,
04/9/2025,Denver Nuggets,Sacramento Kings,10:00p,Golden 1 Center,,,,,
04/9/2025,Houston Rockets,Los Angeles Clippers,10:30p,Intuit Dome,,,,,
04/10/2025,New York Knicks,Detroit Pistons,7:00p,Little Caesars Arena,,,,,
04/10/2025,Cleveland Cavaliers,Indiana Pacers,7:00p,Gainbridge Fieldhouse,,,,,
04/10/2025,Atlanta Hawks,Brooklyn Nets,7:30p,Barclays Center,,,,,
04/10/2025,New Orleans Pelicans,Milwaukee Bucks,8:00p,Fiserv Forum,,,,,
04/10/2025,Minnesota Timberwolves,Memphis Grizzlies,9:30p,FedEx Forum,,,,,
04/11/2025,Milwaukee Bucks,Detroit Pistons,7:00p,Little Caesars Arena,,,,,
04/11/2025,Orlando Magic,Indiana Pacers,7:00p,Gainbridge Fieldhouse,,,,,
04/11/2025,Atlanta Hawks,Philadelphia 76ers,7:00p,Wells Fargo Center,,,,,
04/11/2025,Charlotte Hornets,Boston Celtics,7:30p,TD Garden,,,,,
04/11/2025,Cleveland Cavaliers,New York Knicks,7:30p,Madison Square Garden (IV),,,,,
04/11/2025,Washington Wizards,Chicago Bulls,8:00p,United Center,,,,,
04/11/2025,Miami Heat,New Orleans Pelicans,8:00p,Smoothie King Center,,,,,
04/11/2025,Toronto Raptors,Dallas Mavericks,8:30p,American Airlines Center,,,,,
04/11/2025,Memphis Grizzlies,Denver Nuggets,9:00p,Ball Arena,,,,,
04/11/2025,Brooklyn Nets,Minnesota Timberwolves,9:00p,Target Center,,,,,
04/11/2025,Oklahoma City Thunder,Utah Jazz,9:30p,Delta Center,,,,,
04/11/2025,San Antonio Spurs,Phoenix Suns,10:00p,Footprint Center,,,,,
04/11/2025,Golden State Warriors,Portland Trail Blazers,10:00p,Moda Center,,,,,
04/11/2025,Los Angeles Clippers,Sacramento Kings,10:00p,Golden 1 Center,,,,,
04/11/2025,Houston Rockets,Los Angeles Lakers,10:30p,Crypto.com Arena,,,,,
04/13/2025,Orlando Magic,Atlanta Hawks,1:00p,State Farm Arena,,,,,
04/13/2025,Charlotte Hornets,Boston Celtics,1:00p,TD Garden,,,,,
04/13/2025,New York Knicks,Brooklyn Nets,1:00p,Barclays Center,,,,,
04/13/2025,Indiana Pacers,Cleveland Cavaliers,1:00p,Rocket Arena,,,,,
04/13/2025,Washington Wizards,Miami Heat,1:00p,Kaseya Center,,,,,
04/13/2025,Detroit Pistons,Milwaukee Bucks,1:00p,Fiserv Forum,,,,,
04/13/2025,Chicago Bulls,Philadelphia 76ers,1:00p,Wells Fargo Center,,,,,
04/13/2025,Los Angeles Clippers,Golden State Warriors,3:30p,Chase Center,,,,,
04/13/2025,Denver Nuggets,Houston Rockets,3:30p,Toyota Center,,,,,
04/13/2025,Dallas Mavericks,Memphis Grizzlies,3:30p,FedEx Forum,,,,,
04/13/2025,Utah Jazz,Minnesota Timberwolves,3:30p,Target Center,,,,,
04/13/2025,Oklahoma City Thunder,New Orleans Pelicans,3:30p,Smoothie King Center,,,,,
04/13/2025,Los Angeles Lakers,Portland Trail Blazers,3:30p,Moda Center,,,,,
04/13/2025,Phoenix Suns,Sacramento Kings,3:30p,Golden 1 Center,,,,,
04/13/2025,Toronto Raptors,San Antonio Spurs,3:30p,Frost Bank Center,,,,,
